sigma,legs,seed,fix_mu,fitted,darts,mu_y
6.5,25,0,False,4.801465450904251,117,99.21807287859048
6.5,25,0,True,6.227856652463398,117,103.0
6.5,25,1,False,4.40806051551409,132,106.52513298185447
6.5,25,1,True,6.026547560041056,132,103.0
6.5,25,2,False,4.994401300841853,135,107.83343499612431
6.5,25,2,True,7.109294040913871,135,103.0
6.5,25,3,False,4.704077633729335,138,98.97455959173985
6.5,25,3,True,6.2159918591154355,138,103.0
6.5,25,4,False,6.692165490512404,129,102.31406967004213
6.5,25,4,True,6.769890824535806,129,103.0
6.5,25,5,False,2.1504576687823715,129,107.19005587355088
6.5,25,5,True,5.787314872441382,129,103.0
6.5,25,6,False,2.1343039343948984,129,107.1431954123531
6.5,25,6,True,5.754346807106295,129,103.0
6.5,25,7,False,6.574665275631172,138,103.95851832012576
6.5,25,7,True,6.576284233309393,138,103.0
6.5,25,8,False,4.471028956796845,126,100.49648588419477
6.5,25,8,True,5.462944115436997,126,103.0
6.5,25,9,False,6.275473905710132,123,102.9585884917299
6.5,25,9,True,6.276452311436408,123,103.0
6.5,25,10,False,2.176946492302861,120,106.8855080733394
6.5,25,10,True,5.339996468893004,120,103.0
6.5,25,11,False,4.791824338495845,120,107.03786109991697
6.5,25,11,True,6.455978596632034,120,103.0
6.5,50,0,False,4.6501276724797735,279,107.42253130719843
6.5,50,0,True,6.361829135247566,279,103.0
6.5,50,1,False,6.973862142237026,294,105.40488959955294
6.5,50,1,True,7.035512858366422,294,103.0
6.5,50,2,False,6.869713501716495,285,104.57932174792353
6.5,50,2,True,6.95684273139275,285,103.0
6.5,50,3,False,4.699529673386699,255,99.18345374251697
6.5,50,3,True,6.2954789781759315,255,103.0
6.5,50,4,False,6.884320250629886,270,102.62179353636847
6.5,50,4,True,6.909378919467609,270,103.0
6.5,50,5,False,4.529298216380465,264,106.87932144242549
6.5,50,5,True,6.600485509511069,264,103.0
6.5,50,6,False,6.725346966437939,270,100.29478009364072
6.5,50,6,True,7.064381962456997,270,103.0
6.5,50,7,False,6.335953304674647,264,102.75350645956738
6.5,50,7,True,6.4049802032313385,264,103.0
6.5,50,8,False,7.009212803191066,279,102.19002226271753
6.5,50,8,True,7.077735568025343,279,103.0
6.5,50,9,False,4.757955609495367,249,99.05267745167208
6.5,50,9,True,6.243170522089593,249,103.0
6.5,50,10,False,3.642443870618963,258,106.8968755776861
6.5,50,10,True,6.187235667722561,258,103.0
6.5,50,11,False,5.744991145783806,270,100.99004139860179
6.5,50,11,True,5.98127888070336,270,103.0
6.5,100,0,False,6.365431083777081,543,103.75084135204142
6.5,100,0,True,6.436585582168791,543,103.0
6.5,100,1,False,6.742496755992405,537,104.79535022995643
6.5,100,1,True,6.784838827240844,537,103.0
6.5,100,2,False,6.66396099525609,537,102.23981206488168
6.5,100,2,True,6.716442208552542,537,103.0
6.5,100,3,False,6.2579983513319455,543,101.72769790999986
6.5,100,3,True,6.48900966507571,543,103.0
6.5,100,4,False,6.503132717451586,519,103.78756724406219
6.5,100,4,True,6.520846398692724,519,103.0
6.5,100,5,False,6.829877711971856,534,103.15895703687593
6.5,100,5,True,6.827817767258463,534,103.0
6.5,100,6,False,5.618511244401459,519,101.37951742939998
6.5,100,6,True,5.80024617553192,519,103.0
6.5,100,7,False,6.9174842572900035,564,103.69851156439297
6.5,100,7,True,6.937876707494816,564,103.0
6.5,100,8,False,5.683018483239979,531,100.61936727554192
6.5,100,8,True,6.071636182173832,531,103.0
6.5,100,9,False,6.687667176120736,543,104.28737490096685
6.5,100,9,True,6.727560154857357,543,103.0
6.5,100,10,False,6.632678586714449,546,102.76437498568853
6.5,100,10,True,6.643049329642218,546,103.0
6.5,100,11,False,6.562590592172194,549,101.45403535357613
6.5,100,11,True,6.687426440281364,549,103.0
6.5,200,0,False,6.673077709633956,1104,104.45204759970102
6.5,200,0,True,6.701344688910494,1104,103.0
6.5,200,1,False,6.185390481786185,1086,100.88852149538369
6.5,200,1,True,6.412202327396364,1086,103.0
6.5,200,2,False,6.333908105068237,1056,103.38522512979574
6.5,200,2,True,6.341086773997475,1056,103.0
6.5,200,3,False,6.2863568104757634,1041,100.8895327067208
6.5,200,3,True,6.5133989261417184,1041,103.0
6.5,200,4,False,6.553857306773363,1092,102.97737361222116
6.5,200,4,True,6.557843026345273,1092,103.0
6.5,200,5,False,6.580047121358802,1074,103.2598017046863
6.5,200,5,True,6.5937694576401915,1074,103.0
6.5,200,6,False,6.5295557675410585,1116,104.63662497902729
6.5,200,6,True,6.5701756538405744,1116,103.0
6.5,200,7,False,6.471090862892697,1080,102.88808281116832
6.5,200,7,True,6.540906935022276,1080,103.0
6.5,200,8,False,6.458136810637162,1101,105.34180185476487
6.5,200,8,True,6.5785836375558775,1101,103.0
6.5,200,9,False,6.273255769423195,1065,105.21217059269617
6.5,200,9,True,6.442977413504904,1065,103.0
6.5,200,10,False,6.194768408583424,1086,101.19416258399332
6.5,200,10,True,6.369047357860079,1086,103.0
6.5,200,11,False,6.792550305339146,1092,102.8040147334658
6.5,200,11,True,6.800028884223782,1092,103.0
6.5,400,0,False,6.337018373865659,2136,102.64485676645359
6.5,400,0,True,6.359745146080346,2136,103.0
6.5,400,1,False,6.556616818123961,2124,102.50475919032272
6.5,400,1,True,6.579883907732099,2124,103.0
6.5,400,2,False,6.384926025590804,2136,102.66956246023113
6.5,400,2,True,6.4159714191489785,2136,103.0
6.5,400,3,False,6.3779924110703154,2142,101.45158791312096
6.5,400,3,True,6.507394486440669,2142,103.0
6.5,400,4,False,6.184075566338803,2133,100.78539238365528
6.5,400,4,True,6.434985789237504,2133,103.0
6.5,400,5,False,6.455052203233596,2142,102.16453379273
6.5,400,5,True,6.527092573762579,2142,103.0
6.5,400,6,False,6.497842707245338,2184,103.58535210005348
6.5,400,6,True,6.5076002612789265,2184,103.0
6.5,400,7,False,6.171835150070817,2151,105.75440045597462
6.5,400,7,True,6.426016232006897,2151,103.0
6.5,400,8,False,6.401951476592522,2112,103.10171215289238
6.5,400,8,True,6.402117249954667,2112,103.0
6.5,400,9,False,6.493694641328707,2127,101.82794458855457
6.5,400,9,True,6.575059753106141,2127,103.0
6.5,400,10,False,6.511937169771155,2151,102.69034219636117
6.5,400,10,True,6.524518883716114,2151,103.0
6.5,400,11,False,6.247591671430054,2145,101.2442576187677
6.5,400,11,True,6.420707048467109,2145,103.0
8.0,25,0,False,8.371188039923029,156,101.55268200395267
8.0,25,0,True,8.498783493842291,156,103.0
8.0,25,1,False,7.5195859603046555,153,102.37279755125708
8.0,25,1,True,7.581997386170561,153,103.0
8.0,25,2,False,7.376187836833574,156,107.6589699367486
8.0,25,2,True,7.625905379668877,156,103.0
8.0,25,3,False,7.852420748403905,153,107.8998424081855
8.0,25,3,True,8.078776268385742,153,103.0
8.0,25,4,False,7.443258062046256,156,100.99982694151015
8.0,25,4,True,7.620274156011016,156,103.0
8.0,25,5,False,8.375851248801698,153,106.0659993999896
8.0,25,5,True,8.40691856979556,153,103.0
8.0,25,6,False,8.16870436842971,159,101.10513932385062
8.0,25,6,True,8.326644956857255,159,103.0
8.0,25,7,False,3.7067915235339073,141,107.98178732486724
8.0,25,7,True,7.58872007529955,141,103.0
8.0,25,8,False,6.7696991034736556,153,98.87190662731076
8.0,25,8,True,7.505188998782459,153,103.0
8.0,25,9,False,7.373742915591786,153,103.96654621767115
8.0,25,9,True,7.374558981846092,153,103.0
8.0,25,10,False,6.786173046297239,144,104.77161482085751
8.0,25,10,True,6.84318218674488,144,103.0
8.0,25,11,False,8.58241522735715,141,101.31001786129357
8.0,25,11,True,8.722546845280343,141,103.0
8.0,50,0,False,7.908101196482814,294,103.15105928307936
8.0,50,0,True,7.9038968312843325,294,103.0
8.0,50,1,False,8.184434719125568,312,104.68353560158047
8.0,50,1,True,8.145426869229535,312,103.0
8.0,50,2,False,6.926618051780631,291,105.89017703497635
8.0,50,2,True,7.125679902301677,291,103.0
8.0,50,3,False,8.377739591038091,336,105.53136947830353
8.0,50,3,True,8.332337073760174,336,103.0
8.0,50,4,False,7.843644318137603,324,104.60391888202554
8.0,50,4,True,7.812476001648295,324,103.0
8.0,50,5,False,8.478575257461781,318,102.13478709760801
8.0,50,5,True,8.538117989722405,318,103.0
8.0,50,6,False,8.123725212835177,321,102.92819469203818
8.0,50,6,True,8.135509384183493,321,103.0
8.0,50,7,False,7.544273572026399,297,102.2023784969662
8.0,50,7,True,7.699173239059065,297,103.0
8.0,50,8,False,8.682523913597258,333,105.37693817070053
8.0,50,8,True,8.624398910869232,333,103.0
8.0,50,9,False,7.565683377181647,309,99.84255817520415
8.0,50,9,True,7.955033512370924,309,103.0
8.0,50,10,False,8.071008687482212,330,103.24173578753832
8.0,50,10,True,8.1269673049036,330,103.0
8.0,50,11,False,7.7854305167848,273,103.4512473132035
8.0,50,11,True,7.772298453363047,273,103.0
8.0,100,0,False,7.578784000197377,600,101.58193606966105
8.0,100,0,True,7.702541798309949,600,103.0
8.0,100,1,False,7.194844408857544,597,105.2430701829771
8.0,100,1,True,7.348532814180087,597,103.0
8.0,100,2,False,7.242193998531827,591,100.37643652767093
8.0,100,2,True,7.534178476105698,591,103.0
8.0,100,3,False,7.978400138179766,627,103.73902252042997
8.0,100,3,True,7.975315898824439,627,103.0
8.0,100,4,False,7.708097579648679,627,105.01821028883104
8.0,100,4,True,7.700424439455666,627,103.0
8.0,100,5,False,7.726893083046007,648,99.99738367206683
8.0,100,5,True,8.053369593082813,648,103.0
8.0,100,6,False,7.55493592271159,612,99.89335012529838
8.0,100,6,True,7.888956784742675,612,103.0
8.0,100,7,False,7.751877735511288,594,102.95782547648204
8.0,100,7,True,7.766791075729177,594,103.0
8.0,100,8,False,7.388034672739446,603,100.28550016783555
8.0,100,8,True,7.692710815470513,603,103.0
8.0,100,9,False,7.6641617345250825,612,99.55642885904976
8.0,100,9,True,8.07218665581963,612,103.0
8.0,100,10,False,7.746547210498527,588,102.3677561617003
8.0,100,10,True,7.812901470702768,588,103.0
8.0,100,11,False,7.957197841372122,639,106.42064698378665
8.0,100,11,True,7.9950319879485585,639,103.0
8.0,200,0,False,7.711344997279507,1179,100.6995036032501
8.0,200,0,True,7.93061504377702,1179,103.0
8.0,200,1,False,8.249846413522608,1272,103.61667783826648
8.0,200,1,True,8.22745765060643,1272,103.0
8.0,200,2,False,8.318680546132715,1263,102.95400714767067
8.0,200,2,True,8.321322178951837,1263,103.0
8.0,200,3,False,8.209470202852676,1245,103.7957314748759
8.0,200,3,True,8.179267012561239,1245,103.0
8.0,200,4,False,7.82486684597161,1209,102.14986134508463
8.0,200,4,True,7.8863240538885195,1209,103.0
8.0,200,5,False,8.318082870711459,1260,102.56520561031277
8.0,200,5,True,8.349062763220642,1260,103.0
8.0,200,6,False,8.270808730271611,1254,104.13542376956795
8.0,200,6,True,8.257031841242707,1254,103.0
8.0,200,7,False,7.954836807717205,1254,101.79370961577546
8.0,200,7,True,8.041593244052729,1254,103.0
8.0,200,8,False,8.065166124604461,1242,105.71914505856176
8.0,200,8,True,8.050922426668834,1242,103.0
8.0,200,9,False,7.938147047084312,1203,103.04446527897768
8.0,200,9,True,7.941168563254384,1203,103.0
8.0,200,10,False,7.838963143593786,1227,104.6564109301543
8.0,200,10,True,7.824892747255737,1227,103.0
8.0,200,11,False,7.863306620007141,1233,101.68016014977948
8.0,200,11,True,7.9687476801626875,1233,103.0
8.0,400,0,False,7.820915431197179,2433,100.3284367548665
8.0,400,0,True,8.082389004311382,2433,103.0
8.0,400,1,False,7.760001977732382,2475,104.95543730972676
8.0,400,1,True,7.74025084380126,2475,103.0
8.0,400,2,False,7.979936093836279,2457,103.15077495934099
8.0,400,2,True,7.9727804013203105,2457,103.0
8.0,400,3,False,8.072201740795162,2448,102.65990067582406
8.0,400,3,True,8.09332221481075,2448,103.0
8.0,400,4,False,7.647391503154828,2370,103.40710927251999
8.0,400,4,True,7.63223123476603,2370,103.0
8.0,400,5,False,7.945022994864927,2418,102.09141994797082
8.0,400,5,True,8.004911818451127,2418,103.0
8.0,400,6,False,8.038536917193793,2418,102.2137393035658
8.0,400,6,True,8.091928989724662,2418,103.0
8.0,400,7,False,7.844159987259701,2457,101.85344668618097
8.0,400,7,True,7.9263460433765145,2457,103.0
8.0,400,8,False,7.887267726940056,2487,101.0714033983648
8.0,400,8,True,8.054282166287468,2487,103.0
8.0,400,9,False,7.873588665270409,2448,102.02810704441522
8.0,400,9,True,7.939480730578681,2448,103.0
8.0,400,10,False,7.804534767095203,2415,104.7469577800484
8.0,400,10,True,7.776996798387572,2415,103.0
8.0,400,11,False,7.392209746626532,2379,100.6622406449915
8.0,400,11,True,7.613577013679166,2379,103.0
11.0,25,0,False,11.632777783728846,195,101.78223164686898
11.0,25,0,True,11.775333216382052,195,103.0
11.0,25,1,False,11.239236922819462,192,108.54560651922273
11.0,25,1,True,11.062706466875348,192,103.0
11.0,25,2,False,10.146800409847392,195,96.38687916924326
11.0,25,2,True,11.11482511339392,195,103.0
11.0,25,3,False,10.55687961508037,198,105.06608828415148
11.0,25,3,True,10.693612696568039,198,103.0
11.0,25,4,False,11.179323841422288,204,110.18277565008768
11.0,25,4,True,10.937160152786033,204,103.0
11.0,25,5,False,10.934824778913276,213,102.01578142036925
11.0,25,5,True,11.052158716101674,213,103.0
11.0,25,6,False,10.914607220287545,195,107.88976599032375
11.0,25,6,True,10.759348258101841,195,103.0
11.0,25,7,False,10.716764336586614,204,109.7954191538541
11.0,25,7,True,10.553096223534425,204,103.0
11.0,25,8,False,10.58139224039945,201,103.95412915004553
11.0,25,8,True,10.516665283895717,201,103.0
11.0,25,9,False,10.988696297656947,192,108.91548365334504
11.0,25,9,True,10.816942919544097,192,103.0
11.0,25,10,False,11.06459531182896,207,101.24190103262303
11.0,25,10,True,11.249750309524153,207,103.0
11.0,25,11,False,10.382444767620793,186,98.74121884780686
11.0,25,11,True,10.94952152304472,186,103.0
11.0,50,0,False,11.449815025383938,393,100.92207800410318
11.0,50,0,True,11.66043786345147,393,103.0
11.0,50,1,False,11.375216247606298,411,101.73977288882992
11.0,50,1,True,11.533303889627641,411,103.0
11.0,50,2,False,9.566839025439203,384,98.74714828113872
11.0,50,2,True,10.06085318230449,384,103.0
11.0,50,3,False,10.833918977273767,387,102.42356340429365
11.0,50,3,True,10.90067673696148,387,103.0
11.0,50,4,False,11.055446490943151,405,106.94312020067001
11.0,50,4,True,10.869984952135056,405,103.0
11.0,50,5,False,11.39665115312185,414,102.29839190591902
11.0,50,5,True,11.46758303066386,414,103.0
11.0,50,6,False,11.171411830829006,384,107.02305638784753
11.0,50,6,True,10.979512015723024,384,103.0
11.0,50,7,False,10.88975697950377,414,100.87552228373077
11.0,50,7,True,11.198071057638298,414,103.0
11.0,50,8,False,10.251120181279948,378,102.09416255295457
11.0,50,8,True,10.335008467735879,378,103.0
11.0,50,9,False,10.387379509815757,414,95.4528037781629
11.0,50,9,True,11.529384064840867,414,103.0
11.0,50,10,False,10.519160548633089,384,99.86203644681532
11.0,50,10,True,10.913092729553924,384,103.0
11.0,50,11,False,11.286402876269857,408,102.28718444892259
11.0,50,11,True,11.352489136120623,408,103.0
11.0,100,0,False,11.018805890758637,816,100.97592243847141
11.0,100,0,True,11.22021410936147,816,103.0
11.0,100,1,False,11.335169295165688,831,107.36925582244768
11.0,100,1,True,11.118623526534497,831,103.0
11.0,100,2,False,10.256863039595054,786,98.31426166845324
11.0,100,2,True,10.828883062571968,786,103.0
11.0,100,3,False,10.564754582841918,795,97.95899352167531
11.0,100,3,True,11.221998089477527,795,103.0
11.0,100,4,False,10.616879106041011,759,100.00572225955031
11.0,100,4,True,10.940023364370893,759,103.0
11.0,100,5,False,11.444638548017041,828,107.00024625557754
11.0,100,5,True,11.229393295535623,828,103.0
11.0,100,6,False,10.806976673695292,798,107.83131916996626
11.0,100,6,True,10.654721792664356,798,103.0
11.0,100,7,False,10.700184871675026,783,105.38621075561971
11.0,100,7,True,10.57676919523428,783,103.0
11.0,100,8,False,11.099816218636391,801,105.00791669453488
11.0,100,8,True,10.97887552782258,801,103.0
11.0,100,9,False,10.881051786642585,795,102.46706162431249
11.0,100,9,True,10.94602124240125,795,103.0
11.0,100,10,False,11.092358642280404,819,103.51605811647609
11.0,100,10,True,11.063794836822089,819,103.0
11.0,100,11,False,10.869943673846704,798,102.32954198171385
11.0,100,11,True,10.942685478190526,798,103.0
11.0,200,0,False,10.934185604889297,1605,100.57775506820724
11.0,200,0,True,11.201622420467277,1605,103.0
11.0,200,1,False,10.265114997446723,1623,98.0477224338039
11.0,200,1,True,10.874931853757543,1623,103.0
11.0,200,2,False,10.897885631176452,1602,99.26029699053404
11.0,200,2,True,11.339284390453248,1602,103.0
11.0,200,3,False,10.67423010381195,1560,99.93867529137844
11.0,200,3,True,11.002372858748624,1560,103.0
11.0,200,4,False,10.59549079782206,1545,104.17909977882272
11.0,200,4,True,10.514134517139347,1545,103.0
11.0,200,5,False,11.15280566507162,1587,103.57824185771165
11.0,200,5,True,11.110383885941928,1587,103.0
11.0,200,6,False,10.313554557972411,1575,98.33596284034338
11.0,200,6,True,10.893775499365228,1575,103.0
11.0,200,7,False,11.273698966919543,1608,104.83701528570114
11.0,200,7,True,11.15110451611608,1608,103.0
11.0,200,8,False,10.371334726749412,1575,97.99093393394054
11.0,200,8,True,10.996691825850931,1575,103.0
11.0,200,9,False,10.43204213147776,1590,97.43283674848018
11.0,200,9,True,11.170760306389136,1590,103.0
11.0,200,10,False,11.049556569732692,1608,105.33873407098147
11.0,200,10,True,10.902754664273408,1608,103.0
11.0,200,11,False,11.335810293496483,1611,104.3614931819345
11.0,200,11,True,11.235687986779523,1611,103.0
11.0,400,0,False,11.064567613898769,3162,103.57594454331888
11.0,400,0,True,11.021834251481115,3162,103.0
11.0,400,1,False,10.904728023036052,3177,101.14912953293498
11.0,400,1,True,11.09124349638535,3177,103.0
11.0,400,2,False,10.603949345740055,3075,101.36064104436743
11.0,400,2,True,10.757033097693904,3075,103.0
11.0,400,3,False,10.536349735542958,3171,98.56462309546743
11.0,400,3,True,11.067789683325401,3171,103.0
11.0,400,4,False,10.895033712385825,3165,101.63190293512689
11.0,400,4,True,11.022754004808618,3165,103.0
11.0,400,5,False,11.196077992863058,3198,102.41623722222363
11.0,400,5,True,11.254524040152111,3198,103.0
11.0,400,6,False,10.946968492311342,3186,101.61745248976013
11.0,400,6,True,11.079666094818815,3186,103.0
11.0,400,7,False,10.719272694984094,3123,103.15054983531601
11.0,400,7,True,10.707532650080958,3123,103.0
11.0,400,8,False,11.192706431649265,3231,104.71835623703814
11.0,400,8,True,11.071085788215095,3231,103.0
11.0,400,9,False,10.800072005600967,3186,99.43242583241222
11.0,400,9,True,11.201474834490366,3186,103.0
11.0,400,10,False,10.629004483096091,3183,100.34302084724138
11.0,400,10,True,10.910504898744998,3183,103.0
11.0,400,11,False,10.368339021400024,3120,99.15705682750706
11.0,400,11,True,10.804228237250484,3120,103.0
