source,player,family,shared_scale,model,n_train,n_test,n_params,train_ll,test_ll,test_ll_per_visit,scale,axis_sd,bias_x,nu_visit,s_hit,s_miss,at_boundary,seconds,nfev,sim_p_t20,obs_p_t20,sim_t20_lift_12,obs_t20_lift_12,sim_mag_corr,obs_mag_corr,sim_far,obs_far,shape_beta,shape_nu,shape_eps,shape_kappa,shape_ratio
dartsviz_pdc_2017,Peter Wright,gaussian,False,gaussian,650,653,4,-3090.6944625464657,-3471.9163679814264,-5.316870395071097,11.39341105403754,11.39341105403754,1.611936494535644,0.0,0.0184734453574942,0.1386516193641301,True,11.55381989479065,226,0.20725,0.3879530372639101,2.735902449063593,4.067104739147753,0.0032943561010461,0.0193431634963973,0.0,0.001531393568147,,,,,
dartsviz_pdc_2017,Peter Wright,exp-power,False,exp-power,650,653,5,-2635.7503215781176,-2689.991008257421,-4.119434928418715,0.74260135067907,12.040387725404806,0.2772261841826027,0.0,0.0167822916553764,0.1374489827568961,False,58.40215730667114,858,0.4040833333333333,0.3879530372639101,4.235764962521838,4.067104739147753,-0.0060478073960043,0.0193431634963973,0.0023333333333333,0.001531393568147,0.5222130280269457,,,,
dartsviz_pdc_2017,Peter Wright,student-t,False,student-t,650,653,5,-2612.1761389317203,-2649.972514142694,-4.058150863924493,5.723675482303435,22.97658456529914,0.0577185282186536,0.0,0.0146057732306668,0.1337913842202331,False,23.262710094451904,304,0.3907083333333333,0.3879530372639101,5.456407658004897,4.067104739147753,-0.0078428166924316,0.0193431634963973,0.0050416666666666,0.001531393568147,,2.1323219324999925,,,
dartsviz_pdc_2017,Peter Wright,core+uniform,False,core+uniform,650,653,5,-2688.9259317693504,-3316.3535364565687,-5.0786424754311925,7.961255005283015,16.95801475644185,-0.8431853837811814,0.0,0.0149938779432366,0.1234624218757217,False,27.434438228607178,286,0.3259583333333333,0.3879530372639101,4.722134539842876,4.067104739147753,0.0049954994370728,0.0193431634963973,0.0145,0.001531393568147,,,0.0313047512603963,,
dartsviz_pdc_2017,Peter Wright,two-component,False,two-component,650,653,6,-2606.732743357369,-2675.2580667341617,-4.09687299653011,6.342594908065974,12.222709688038597,0.732711653959117,0.0,0.0184714327856482,0.1386963396249307,False,51.20961928367615,379,0.3739166666666667,0.3879530372639101,5.458968239576622,4.067104739147753,-0.0003048193615901,0.0193431634963973,0.003125,0.001531393568147,,,0.132725071022635,4.630945056900934,
dartsviz_pdc_2017,Peter Wright,gaussian,True,gaussian + visit scale,650,653,5,-2711.535851492442,-2772.7619537500022,-4.246189821975501,9.943643826123536,9.943643826123536,0.4493247872160654,0.5748332158502083,0.0184376609627376,0.1386583218740336,True,130.32786965370178,298,0.3482083333333333,0.3879530372639101,23.938727495908346,4.067104739147753,0.2094992667353433,0.0193431634963973,0.0011666666666666,0.001531393568147,,,,,
dartsviz_pdc_2017,Peter Wright,student-t,True,student-t + visit scale,650,653,6,-2610.782720929632,-2649.701490532301,-4.057735820110722,5.946372222216187,17.399723246744944,0.0841840699388682,0.2232567235881996,0.0146837341548326,0.1341368495192234,False,187.4713535308838,525,0.39475,0.3879530372639101,8.323501621594016,4.067104739147753,0.0178674524645153,0.0193431634963973,0.0047083333333333,0.001531393568147,,2.264476658573847,,,
dartsviz_pdc_2017,Michael van Gerwen,gaussian,False,gaussian,530,542,4,-2379.1117898794937,-2701.825699649676,-4.984918265036302,8.654661421228633,8.654661421228633,-1.725164447292062,0.0,0.0926113384813916,0.4248117750262639,True,26.4068570137024,415,0.2383333333333333,0.3616236162361623,10.888615132834484,36.86094069529653,-0.0029860124078133,-0.0179015955446043,0.0,0.002460024600246,,,,,
dartsviz_pdc_2017,Michael van Gerwen,exp-power,False,exp-power,530,542,5,-2109.420681129392,-2220.7061161016136,-4.097243756645043,1.1216140879965335,8.628370596244945,-1.3598529214053507,0.0,0.0938598938113375,0.4168048135025939,False,26.67094922065735,297,0.395375,0.3616236162361623,15.690776310524212,36.86094069529653,-0.0070597340325758,-0.0179015955446043,0.0010833333333333,0.002460024600246,0.6119461897151328,,,,
dartsviz_pdc_2017,Michael van Gerwen,student-t,False,student-t,530,542,5,-2096.233046727988,-2189.4589761317075,-4.039592206885069,4.815573949325096,9.765251214003332,-3.0285702442434506,0.0,0.0934114642333924,0.4152853666297617,False,22.01522183418274,337,0.391,0.3616236162361623,15.67338991341092,36.86094069529653,0.0001767382207164,-0.0179015955446043,0.00175,0.002460024600246,,2.6426390672575417,,,
dartsviz_pdc_2017,Michael van Gerwen,core+uniform,False,core+uniform,530,542,5,-2142.7707537123097,-2197.7529794970897,-4.054894796120092,6.694371387646013,11.7262398662131,-2.737692320267181,0.0,0.089733992713058,0.4066713815765561,False,28.6968367099762,275,0.3259166666666667,0.3616236162361623,14.295847354382058,36.86094069529653,0.0018559246513166,-0.0179015955446043,0.00575,0.002460024600246,,,0.0129091504003593,,
dartsviz_pdc_2017,Michael van Gerwen,two-component,False,two-component,530,542,6,-2094.2109755849424,-2196.271272952352,-4.052161020207291,5.251851125141902,8.662068224475597,-5.486935429247332,0.0,0.0939944323312035,0.416816454846554,False,55.60999512672424,440,0.390875,0.3616236162361623,15.762068571272112,36.86094069529653,0.0021625307229553,-0.0179015955446043,0.0015416666666666,0.002460024600246,,,0.0646755060407145,5.253484082980973,
dartsviz_pdc_2017,Michael van Gerwen,gaussian,True,gaussian + visit scale,530,542,5,-2145.5063094257325,-2262.0400628138104,-4.173505650947989,7.261243967988289,7.261243967988289,-2.6903869101992184,0.5086629138669684,0.0939745121604508,0.4168244988877799,True,120.86163568496704,279,0.3789166666666667,0.3616236162361623,26.7227334220548,36.86094069529653,0.1608756443243772,-0.0179015955446043,8.333333333333333e-05,0.002460024600246,,,,,
dartsviz_pdc_2017,Michael van Gerwen,student-t,True,student-t + visit scale,530,542,6,-2095.0497532667287,-2189.385415030422,-4.039456485295982,4.988087196696767,9.216183807124532,-2.8692892490237867,0.2134190621092824,0.0934833027881909,0.4156615738156562,False,217.7931656837464,372,0.4002083333333333,0.3616236162361623,19.23129264804439,36.86094069529653,0.0116818066692489,-0.0179015955446043,0.0010833333333333,0.002460024600246,,2.8285795633482365,,,
dartsviz_pdc_2017,Raymond van Barneveld,gaussian,False,gaussian,389,404,4,-1957.211654181432,-1933.509328210352,-4.785914178738495,12.65548990842454,12.65548990842454,-0.7110074917179947,0.0,0.0302076310637097,0.1797536990694549,True,12.472190141677856,233,0.1708333333333333,0.3704620462046205,2.8421111505595453,12.629399585921323,0.0048466324079823,0.0969030115122513,0.0,0.0041254125412541,,,,,
dartsviz_pdc_2017,Raymond van Barneveld,exp-power,False,exp-power,389,404,5,-1629.1838218118655,-1642.9409478130142,-4.066685514388649,0.7340824829313203,12.70266153510313,-1.3109078767165432,0.0,0.0300201692134036,0.1726263924082909,False,36.12950086593628,416,0.3805,0.3704620462046205,5.203399362739819,12.629399585921323,0.0004626132336578,0.0969030115122513,0.0030416666666666,0.0041254125412541,0.515810390153232,,,,
dartsviz_pdc_2017,Raymond van Barneveld,student-t,False,student-t,389,404,5,-1590.7949670958087,-1612.741955444363,-3.991935533278126,5.853743563840528,41.0614783497126,-2.726504683453606,0.0,0.0287738404118641,0.1570268968089461,True,31.234336614608765,461,0.3695,0.3704620462046205,5.484681275783715,12.629399585921323,-0.0042137548092329,0.0969030115122513,0.0066666666666666,0.0041254125412541,,2.041490199513033,,,
dartsviz_pdc_2017,Raymond van Barneveld,core+uniform,False,core+uniform,389,404,5,-1571.912595671185,-1603.2055552221034,-3.968330582232929,7.417092464877443,18.111454620781007,-3.567557225013285,0.0,0.0272490596575318,0.1390648873495032,False,31.16563630104065,313,0.3386666666666666,0.3704620462046205,3.6259115299944966,12.629399585921323,-0.0058888856542875,0.0969030115122513,0.0182083333333333,0.0041254125412541,,,0.0380769920185589,,
dartsviz_pdc_2017,Raymond van Barneveld,two-component,False,two-component,389,404,6,-1559.4962744057286,-1594.6098339607247,-3.9470540444572393,7.427119204786907,24.09342668509464,-3.5187707892547384,0.0,0.0266372258031151,0.1234714972782674,False,42.69016337394714,454,0.342,0.3704620462046205,3.856455612799514,12.629399585921323,-0.0063505066784669,0.0969030115122513,0.0209166666666666,0.0041254125412541,,,0.0380952885807356,15.84263534270063,
dartsviz_pdc_2017,Raymond van Barneveld,gaussian,True,gaussian + visit scale,389,404,5,-1673.8905855761218,-1677.557920574991,-4.152371090532156,10.212466024180072,10.212466024180072,-2.3775933463310848,0.5836562762247365,0.0301943574163146,0.1792786368181117,True,131.26020526885986,314,0.331625,0.3704620462046205,24.914055675849976,12.629399585921323,0.2113548841432843,0.0969030115122513,0.0015416666666666,0.0041254125412541,,,,,
dartsviz_pdc_2017,Raymond van Barneveld,student-t,True,student-t + visit scale,389,404,6,-1590.7949670955793,-1612.7419303896982,-3.991935471261629,5.853741927545921,41.06060675532608,-2.726506836975324,2.1087098144560682e-07,0.0287738587123395,0.157026897390063,True,545.5149075984955,1287,0.3719583333333333,0.3704620462046205,6.3860414394765534,12.629399585921323,0.0003573285333557,0.0969030115122513,0.0065416666666666,0.0041254125412541,,2.0414919738236814,,,
dartsviz_pdc_2017,Daryl Gurney,gaussian,False,gaussian,367,378,4,-1810.902701924021,-1744.8322935263066,-4.615958448482292,11.465253625513542,11.465253625513542,0.4113917053181389,0.0,0.0064659460443613,0.2435248389612423,True,12.738548517227173,209,0.1921666666666666,0.3500881834215167,5.177220452407077,33.49789502377563,-0.0008234968289001,0.0209163656149394,0.0,0.0026455026455026,,,,,
dartsviz_pdc_2017,Daryl Gurney,exp-power,False,exp-power,367,378,5,-1532.900885950132,-1556.8198804398876,-4.118571112274835,0.6241947393847631,12.003521490075562,-0.4837377232072345,0.0,0.0057533930767173,0.2432883954280387,False,43.38732838630676,736,0.3922916666666666,0.3500881834215167,9.293340868329114,33.49789502377563,-0.0063871634187103,0.0209163656149394,0.003,0.0026455026455026,0.5058111259517966,,,,
dartsviz_pdc_2017,Daryl Gurney,student-t,False,student-t,367,378,5,-1517.118307424635,-1545.5011865160636,-4.088627477555724,5.490797802800935,41.94157749663045,-2.9872137315935903,0.0,0.0037287448978091,0.2407444456112758,True,25.330155849456787,368,0.379375,0.3500881834215167,10.359913896392191,33.49789502377563,-0.0081272389203036,0.0209163656149394,0.0058333333333333,0.0026455026455026,,2.0348754003717,,,
dartsviz_pdc_2017,Daryl Gurney,core+uniform,False,core+uniform,367,378,5,-1546.7368789164896,-1575.7160040587694,-4.168560857298332,7.680315975242329,16.918383737217667,-2.984300195829292,0.0,0.0032964515537307,0.2275324696178545,False,42.491084814071655,674,0.315875,0.3500881834215167,7.93467656415695,33.49789502377563,-0.0098085396895621,0.0209163656149394,0.014625,0.0026455026455026,,,0.0317114220750626,,
dartsviz_pdc_2017,Daryl Gurney,two-component,False,two-component,367,378,6,-1511.2615388506638,-1548.1346060003234,-4.095594195768052,6.099824775038463,12.290700407699395,-5.148216807536633,0.0,0.006145994054192,0.2434107040663613,False,52.59149217605591,447,0.3702916666666667,0.3500881834215167,10.23793072439864,33.49789502377563,-0.0079413151219128,0.0209163656149394,0.0049583333333333,0.0026455026455026,,,0.0946826423152259,5.772153015535113,
dartsviz_pdc_2017,Daryl Gurney,gaussian,True,gaussian + visit scale,367,378,5,-1586.1337744683274,-1572.352075111928,-4.159661574370181,10.913154795685411,10.913154795685411,-1.913592566254255,0.6885642869700976,0.0061596462701671,0.2435473272334418,True,167.43355584144592,313,0.337,0.3500881834215167,32.24415341820362,33.49789502377563,0.2523363739788498,0.0209163656149394,0.0034583333333333,0.0026455026455026,,,,,
dartsviz_pdc_2017,Daryl Gurney,student-t,True,student-t + visit scale,367,378,6,-1514.5391999789886,-1540.3753017911476,-4.075066935955417,5.8003459628367295,19.98506451731196,-2.848792325731022,0.2975020594180435,0.0037962468176894,0.2410642227782289,False,423.0834267139435,506,0.393375,0.3500881834215167,14.587578047978964,33.49789502377563,0.0205713862452651,0.0209163656149394,0.0050833333333333,0.0026455026455026,,2.183968310071955,,,
dartsviz_pdc_2017,Gary Anderson,gaussian,False,gaussian,348,347,4,-1860.2717687456384,-1770.2563743028004,-5.101603384157926,11.545056638016463,11.545056638016463,0.7134232681930277,0.0,0.0835100367065085,0.3185354223262331,True,11.850730180740356,289,0.1741666666666666,0.3621517771373679,5.078613907348942,17.42874930824571,0.0050978208682197,0.0285588306367376,0.0,0.004803073967339,,,,,
dartsviz_pdc_2017,Gary Anderson,exp-power,False,exp-power,348,347,5,-1542.885221092715,-1485.486138239977,-4.280939879654112,0.5067134539896587,11.522190922438012,0.4292146800629073,0.0,0.0835904204318549,0.3170559565885781,False,31.28299379348755,386,0.3785416666666666,0.3621517771373679,9.702582852789948,17.42874930824571,-0.0017071166014761,0.0285588306367376,0.003,0.004803073967339,0.4908371479978157,,,,
dartsviz_pdc_2017,Gary Anderson,student-t,False,student-t,348,347,5,-1528.4213613270133,-1471.5278487643473,-4.240714261568724,5.2600465163746,238.12200403415932,0.0708713627823856,0.0,0.083510083963037,0.3075324896818694,True,27.720133781433105,467,0.3651666666666666,0.3621517771373679,9.495099585741562,17.42874930824571,-0.0018054794336087,0.0285588306367376,0.0057916666666666,0.004803073967339,,2.000976387195667,,,
dartsviz_pdc_2017,Gary Anderson,core+uniform,False,core+uniform,348,347,5,-1556.3189922138067,-1496.526169776258,-4.31275553249642,7.628329603680381,16.368588489699448,-0.187480275001919,0.0,0.0828745482585451,0.2905164419277326,False,26.484658241271973,266,0.3025833333333333,0.3621517771373679,6.915966199419521,17.42874930824571,0.0026117192239534,0.0285588306367376,0.0134583333333333,0.004803073967339,,,0.0292653660333265,,
dartsviz_pdc_2017,Gary Anderson,two-component,False,two-component,348,347,6,-1537.092099821088,-1483.6737616355902,-4.275716892321586,6.446794298325919,12.201598194074885,-1.2042053864130953,0.0,0.0836380682602583,0.3182666360341362,False,49.386916637420654,489,0.3317083333333333,0.3621517771373679,9.64687486426617,17.42874930824571,-0.0031948209118056,0.0285588306367376,0.0048333333333333,0.004803073967339,,,0.0963702141104014,5.272024494913829,
dartsviz_pdc_2017,Gary Anderson,gaussian,True,gaussian + visit scale,348,347,5,-1566.6560659129548,-1509.6225642608497,-4.350497303345388,9.369452145743258,9.369452145743258,0.3762714218124704,0.6269025471179284,0.0836537174790435,0.3176242907364217,True,133.17849826812744,289,0.3425416666666667,0.3621517771373679,28.48289828660844,17.42874930824571,0.2198914108898818,0.0285588306367376,0.0011666666666666,0.004803073967339,,,,,
dartsviz_pdc_2017,Gary Anderson,student-t,True,student-t + visit scale,348,347,6,-1522.084272852548,-1470.0380257829347,-4.236420823581945,5.895874781275376,14.650372397825024,0.0754450907294632,0.3986184008610559,0.0835563585288952,0.312186290127402,False,201.7931628227234,420,0.3843333333333333,0.3621517771373679,18.010561222386084,17.42874930824571,0.0561735899997434,0.0285588306367376,0.0043333333333333,0.004803073967339,,2.386511803172024,,,
dartsviz_pdc_2017,Phil Taylor,gaussian,False,gaussian,338,329,4,-1390.204856298868,-1378.288051784651,-4.189325385363681,8.327782527191706,8.327782527191706,-2.192269409851068,0.0,0.1559491400556182,0.2221189707619981,True,522.0660088062286,23382,0.2815833333333333,0.3880445795339412,2.4272423249894204,0.7598319969453982,-0.0058152756894133,0.0427112978604099,0.0,0.0040526849037487,,,,,
dartsviz_pdc_2017,Phil Taylor,exp-power,False,exp-power,338,329,5,-1342.6770837144854,-1280.0873713239766,-3.89084307393306,3.674946496662825,8.853160044752975,-0.4800425861687958,0.0,0.14276956320422,0.2025454342059023,False,25.652087926864624,370,0.3628333333333333,0.3880445795339412,2.905852235390788,0.7598319969453982,-0.007576023861858,0.0427112978604099,0.0002083333333333,0.0040526849037487,0.8675419039093812,,,,
dartsviz_pdc_2017,Phil Taylor,student-t,False,student-t,338,329,5,-1321.7805612283091,-1259.7104645433778,-3.828907187061939,5.9819579318067975,8.431934988721672,-5.020480941135631,0.0,0.1429067197678908,0.2026828597017504,False,18.65217995643616,298,0.360625,0.3880445795339412,2.905391038614918,0.7598319969453982,-0.0031443345649769,0.0427112978604099,0.0006666666666666,0.0040526849037487,,4.026625001015492,,,
dartsviz_pdc_2017,Phil Taylor,core+uniform,False,core+uniform,338,329,5,-1331.2369166821072,-1263.1054502691957,-3.839226292611537,7.560399208540018,8.708440195010294,-4.18390448615688,0.0,0.1428486655882153,0.2026488138740657,False,30.2192063331604,320,0.3129166666666667,0.3880445795339412,1.6438661528980048,0.7598319969453982,-0.0028358194139846,0.0427112978604099,0.0016666666666666,0.0040526849037487,,,0.0026057073664594,,
dartsviz_pdc_2017,Phil Taylor,two-component,False,two-component,338,329,6,-1325.122332251579,-1262.2380059430798,-3.836589683717568,6.34922400630208,8.343195955501422,-5.80047547985335,0.0,0.1429546957511175,0.2027325096313597,False,49.14362907409668,458,0.3523333333333333,0.3880445795339412,2.8302240709149773,0.7598319969453982,-0.0084257640985406,0.0427112978604099,0.0005416666666666,0.0040526849037487,,,0.0543018552376241,3.7925045003988354,
dartsviz_pdc_2017,Phil Taylor,gaussian,True,gaussian + visit scale,338,329,5,-1334.482388302738,-1288.354928921944,-3.9159724283341766,7.621736771118908,7.621736771118908,-4.516733042654806,0.3550365618182618,0.142959158371923,0.202723990725904,True,133.74971628189087,273,0.35,0.3880445795339412,10.08746994174398,0.7598319969453982,0.091990761296994,0.0427112978604099,0.0,0.0040526849037487,,,,,
dartsviz_pdc_2017,Phil Taylor,student-t,True,student-t + visit scale,338,329,6,-1321.7093315014226,-1260.383395396534,-3.830952569594329,6.051512247904427,8.371081310671078,-4.970845838425939,0.1073159487819459,0.1429059951297445,0.2026821288829249,False,234.66179656982425,396,0.3645833333333333,0.3880445795339412,3.6633947875299553,0.7598319969453982,0.0047867230186709,0.0427112978604099,0.0002916666666666,0.0040526849037487,,4.189309473287135,,,
dartsviz_pdc_2017,Dave Chisnall,gaussian,False,gaussian,307,299,4,-1752.1349504991022,-1533.2188987862628,-5.127822403967434,13.587468970611148,13.587468970611148,0.701393404098687,0.0,0.0310084860018917,0.3061816990575701,True,10.084013223648071,200,0.134375,0.4002229654403567,4.54891852313106,31.780538302277435,0.0079627907112098,-0.0287616522620737,0.0,0.0066889632107023,,,,,
dartsviz_pdc_2017,Dave Chisnall,exp-power,False,exp-power,307,299,5,-1340.9936214073632,-1272.3908678997402,-4.255487852507493,0.5517281939326129,12.152090612541944,0.3636175709207934,0.0,0.0306824990995866,0.3061061370948598,False,43.44380712509155,600,0.3748333333333333,0.4002229654403567,11.204299818538791,31.780538302277435,-0.0031364564268492,-0.0287616522620737,0.00275,0.0066889632107023,0.493605096073508,,,,
dartsviz_pdc_2017,Dave Chisnall,student-t,False,student-t,307,299,5,-1328.2496926567658,-1275.6676305421702,-4.266446924890201,5.611392881896713,24.390527001869728,1.23299514882725,0.0,0.0275500811794739,0.3048634853472414,False,23.17890930175781,347,0.3562916666666667,0.4002229654403567,12.34034108864382,31.780538302277435,-0.0025003717629347,-0.0287616522620737,0.0052083333333333,0.0066889632107023,,2.111775530259891,,,
dartsviz_pdc_2017,Dave Chisnall,core+uniform,False,core+uniform,307,299,5,-1708.0723555288348,-1420.196372660041,-4.749820644347963,12.121350570689271,16.24795273960212,0.1149335769559863,0.0,0.027616088829504,0.3064836901199518,False,23.900017976760864,381,0.162875,0.4002229654403567,6.053271901446056,31.780538302277435,0.0089594060062336,-0.0287616522620737,0.0075833333333333,0.0066889632107023,,,0.016539647285452,,
dartsviz_pdc_2017,Dave Chisnall,two-component,False,two-component,307,299,6,-1352.70944255508,-1313.6945871457183,-4.393627381758255,7.114559281743438,13.56121727515218,1.463919283676845,0.0,0.030640285881066,0.3061314906660851,False,35.440868616104126,411,0.3128333333333333,0.4002229654403567,10.665892912534202,31.780538302277435,-0.0034303330195263,-0.0287616522620737,0.0073333333333333,0.0066889632107023,,,0.0772167519284359,5.924754232717164,
dartsviz_pdc_2017,Dave Chisnall,gaussian,True,gaussian + visit scale,307,299,5,-1361.8946493510075,-1323.352461332736,-4.425927964323531,9.37089516040094,9.37089516040094,1.169499803946388,0.59508442510039,0.030866928648914,0.3062069060260249,True,152.50784945487976,399,0.3458333333333333,0.4002229654403567,29.708251390592643,31.780538302277435,0.2114638689260278,-0.0287616522620737,0.001,0.0066889632107023,,,,,
dartsviz_pdc_2017,Dave Chisnall,student-t,True,student-t + visit scale,307,299,6,-1321.5513402479896,-1272.3524188510437,-4.255359260371384,6.278287252713786,13.698772885338204,1.1349415675068533,0.4032594199733791,0.0282074277955499,0.3050739215775062,False,169.95116639137268,357,0.379875,0.4002229654403567,20.865963952410333,31.780538302277435,0.0608878783259881,-0.0287616522620737,0.0041666666666666,0.0066889632107023,,2.5318001489273367,,,
dartsviz_pdc_2017,Gerwyn Price,gaussian,False,gaussian,285,279,4,-1406.8820828849434,-1419.7915833820548,-5.08885872179948,11.40050654059343,11.40050654059343,0.3316958325132481,0.0,0.0406811976842456,0.2687017820454175,True,9.548130750656128,144,0.18775,0.3333333333333333,4.724569871944653,24.03940886699507,0.0018334604396193,0.056270822014386,0.0,0.007168458781362,,,,,
dartsviz_pdc_2017,Gerwyn Price,exp-power,False,exp-power,285,279,5,-1253.4616102439163,-1256.534328019368,-4.503707268886624,1.1607088463521265,12.242802104170732,0.4281369436335561,0.0,0.0406251306995298,0.2663855200311207,False,33.44793748855591,444,0.3447083333333333,0.3333333333333333,7.970590356377205,24.03940886699507,6.13988722056965e-05,0.056270822014386,0.0025416666666666,0.007168458781362,0.5697854827564577,,,,
dartsviz_pdc_2017,Gerwyn Price,student-t,False,student-t,285,279,5,-1247.775457339169,-1253.3612107259005,-4.492334088623299,6.298357598388642,19.05415721063484,-0.3128653993201007,0.0,0.039485971817332,0.2623955449274187,False,18.735244035720825,273,0.3282083333333333,0.3333333333333333,8.20780521885855,24.03940886699507,-0.0012434394080652,0.056270822014386,0.0052083333333333,0.007168458781362,,2.2453329561593005,,,
dartsviz_pdc_2017,Gerwyn Price,core+uniform,False,core+uniform,285,279,5,-1273.6881763348406,-1280.138217409806,-4.588309022974215,8.912637334538612,14.904088740551355,-0.3333404408951614,0.0,0.0368583425775873,0.2562300497168042,False,23.45790934562683,327,0.2610416666666666,0.3333333333333333,7.037176605552908,24.03940886699507,0.0009785344254068,0.056270822014386,0.0088333333333333,0.007168458781362,,,0.0199699756438053,,
dartsviz_pdc_2017,Gerwyn Price,two-component,False,two-component,285,279,6,-1254.9423315139738,-1264.9452869586137,-4.533854075120479,6.47408959608143,12.66896027125856,-0.6348609041426039,0.0,0.0407360327785612,0.2687539286641391,False,49.27594470977783,513,0.3177083333333333,0.3333333333333333,8.0567205400982,24.03940886699507,-0.0041004692594663,0.056270822014386,0.002625,0.007168458781362,,,0.1859704004443909,4.026655606858858,
dartsviz_pdc_2017,Gerwyn Price,gaussian,True,gaussian + visit scale,285,279,5,-1300.9555975896897,-1300.9383331615563,-4.662861409181206,10.208093494200506,10.208093494200506,-0.0950048348648534,0.4915534843642163,0.0407348736453707,0.2687846290841588,True,105.9646053314209,229,0.2905833333333333,0.3333333333333333,21.685034827829792,24.03940886699507,0.172156195249802,0.056270822014386,0.0007083333333333,0.007168458781362,,,,,
dartsviz_pdc_2017,Gerwyn Price,student-t,True,student-t + visit scale,285,279,6,-1247.775457337067,-1253.361139317963,-4.492333832680871,6.2983705640838,19.05396342551236,-0.3128239792357605,4.0894550325559146e-07,0.0394861935994642,0.2623960269115569,False,442.7725365161896,1018,0.3296666666666666,0.3333333333333333,9.79875824414756,24.03940886699507,0.0024112431832668,0.056270822014386,0.0049166666666666,0.007168458781362,,2.245339692581031,,,
dartsviz_pdc_2017,James Wade,gaussian,False,gaussian,275,272,4,-1294.1180450896222,-1105.0294211374558,-4.0626081659465285,11.836785278632432,11.836785278632432,0.1083485766607015,0.0,0.0819476468416036,0.2185800349610912,True,10.85515809059143,234,0.1828333333333333,0.3051470588235294,2.8166002436416733,10.500155327741536,-0.0005829710226924,0.0470106538582789,0.0,0.0,,,,,
dartsviz_pdc_2017,James Wade,exp-power,False,exp-power,275,272,5,-1125.2342815174582,-1047.05343505033,-3.849461158273272,2.714148923145711,11.085665434030767,-0.2894684420269197,0.0,0.0818046957849338,0.2185936013885588,False,45.09590435028076,544,0.3305416666666667,0.3051470588235294,4.485091111343742,10.500155327741536,-0.0026911885736123,0.0470106538582789,0.0007916666666666,0.0,0.724545417775146,,,,
dartsviz_pdc_2017,James Wade,student-t,False,student-t,275,272,5,-1097.8534577736305,-1033.2898854788168,-3.798859873083885,6.834836927572287,11.148967384510762,-0.485699869390675,0.0,0.0786737963434039,0.2195935723602853,False,16.849480867385864,271,0.3205416666666666,0.3051470588235294,4.219394132822679,10.500155327741536,-0.0104004978711169,0.0470106538582789,0.0019166666666666,0.0,,3.204235617285708,,,
dartsviz_pdc_2017,James Wade,core+uniform,False,core+uniform,275,272,5,-1086.3358463865409,-1033.96797414315,-3.801352846114522,8.26877100834541,13.388522867349392,-0.7791151279399253,0.0,0.0720714946515711,0.2189379640989605,False,22.576812744140625,285,0.29075,0.3051470588235294,5.223235780403524,10.500155327741536,-0.0071098465483642,0.0470106538582789,0.007125,0.0,,,0.0154933272309354,,
dartsviz_pdc_2017,James Wade,two-component,False,two-component,275,272,6,-1077.8196262199024,-1031.4939943852085,-3.79225733229856,8.261700145448511,15.564517053574557,-0.7744458301671062,0.0,0.0829591538589197,0.2245294203440458,False,42.99679398536682,441,0.290375,0.3051470588235294,4.856790409671991,10.500155327741536,-0.0038539145170667,0.0470106538582789,0.007,0.0,,,0.0126938559907853,14.206436252709494,
dartsviz_pdc_2017,James Wade,gaussian,True,gaussian + visit scale,275,272,5,-1120.4596804306684,-1036.5629648220445,-3.8108932530222224,9.445840018847305,9.445840018847305,-0.5052387725780509,0.4506139419317618,0.08198207712702,0.218576468011568,True,126.39039731025696,261,0.3080416666666666,0.3051470588235294,16.602774920280552,10.500155327741536,0.1566347972225341,0.0470106538582789,0.000125,0.0,,,,,
dartsviz_pdc_2017,James Wade,student-t,True,student-t + visit scale,275,272,6,-1097.8534577712485,-1033.289976758192,-3.798860208669824,6.834819957069355,11.14897206308603,-0.4857236184104488,2.548412657356003e-07,0.0786742760378651,0.2195937255586561,False,422.3384499549866,1039,0.3233333333333333,0.3051470588235294,5.3516109307767294,10.500155327741536,-0.0040388972636292,0.0470106538582789,0.0014583333333333,0.0,,3.2042244172768584,,,
dartsviz_pdc_2017,Mensur Suljovic,gaussian,False,gaussian,263,282,4,-1363.5229313196205,-1387.5023270782417,-4.920221018007949,12.779854811797495,12.779854811797495,-2.3558991263904407,0.0,0.0862870585601249,0.1437764989284552,True,12.455536365509031,253,0.1686666666666666,0.3546099290780142,1.2648061989324832,14.361702127659576,0.0104692521283546,0.0172375948388734,0.0,0.0035460992907801,,,,,
dartsviz_pdc_2017,Mensur Suljovic,exp-power,False,exp-power,263,282,5,-1103.9049663318629,-1134.1488866793056,-4.021804562692573,0.7140139282978157,12.274428332984348,-0.4831184637895543,0.0,0.0860391302858225,0.1400850478545242,False,32.83439588546753,489,0.3863333333333333,0.3546099290780142,1.1493287243072026,14.361702127659576,0.0020348367882448,0.0172375948388734,0.003,0.0035460992907801,0.5164487459531163,,,,
dartsviz_pdc_2017,Mensur Suljovic,student-t,False,student-t,263,282,5,-1073.9970091443083,-1103.3813949229093,-3.912699981996132,5.732820837216312,17.998674440584935,-4.1721588885250895,0.0,0.0830392611494802,0.1335479204376841,False,20.18109035491944,278,0.3744583333333333,0.3546099290780142,2.5154661862276884,14.361702127659576,-0.0007513365702319,0.0172375948388734,0.0046666666666666,0.0035460992907801,,2.225810355393034,,,
dartsviz_pdc_2017,Mensur Suljovic,core+uniform,False,core+uniform,263,282,5,-1063.018324642573,-1089.5832225134527,-3.863770292600896,7.587585271456669,15.150073356791832,-3.931470226416117,0.0,0.0822260426093305,0.1282638757758993,False,26.50509786605835,330,0.3275833333333333,0.3546099290780142,0.8106828938471922,14.361702127659576,0.0046572529815849,0.0172375948388734,0.0105833333333333,0.0035460992907801,,,0.0239909294206475,,
dartsviz_pdc_2017,Mensur Suljovic,two-component,False,two-component,263,282,6,-1059.9825360993,-1089.0695639664846,-3.861948808391789,7.52783756953835,16.645893536796894,-4.014121293303679,0.0,0.0778735511180143,0.1258385816272431,False,39.29260540008545,388,0.3302083333333333,0.3546099290780142,0.7218741036820409,14.361702127659576,0.0019459431809612,0.0172375948388734,0.0110416666666666,0.0035460992907801,,,0.0261616299536327,12.234211445812946,
dartsviz_pdc_2017,Mensur Suljovic,gaussian,True,gaussian + visit scale,263,282,5,-1133.0481634584864,-1158.8658907920835,-4.1094535134471055,9.567454543028044,9.567454543028044,-4.11489286235282,0.5807924139376456,0.0864286321842608,0.1430813845458934,True,124.53042364120483,305,0.34525,0.3546099290780142,21.00908851232849,14.361702127659576,0.1992492011363797,0.0172375948388734,0.000875,0.0035460992907801,,,,,
dartsviz_pdc_2017,Mensur Suljovic,student-t,True,student-t + visit scale,263,282,6,-1073.9970091423177,-1103.3813474901203,-3.912699813794753,5.732836053449978,17.998628539288013,-4.172140205199382,8.969222005205156e-08,0.0830390454941265,0.1335483941257041,False,521.8270928859711,1127,0.37775,0.3546099290780142,3.191860726596923,14.361702127659576,-0.000712047269743,0.0172375948388734,0.004375,0.0035460992907801,,2.2258129712443364,,,
dartsviz_pdc_2017,Simon Whitlock,gaussian,False,gaussian,266,275,4,-1640.6561779764977,-1576.535150729018,-5.732855093560065,16.076817733500622,16.076817733500622,0.0791225831709944,0.0,0.056418373333589,0.3704697865758584,True,12.922767400741575,240,0.0934583333333333,0.3090909090909091,4.485640270805274,34.285714285714285,0.0117026659587157,0.0437086938408774,0.000125,0.0024242424242424,,,,,
dartsviz_pdc_2017,Simon Whitlock,exp-power,False,exp-power,266,275,5,-1260.817447691922,-1215.6378465213788,-4.420501260077741,0.4912806665659068,14.415635570361808,1.441012147117119,0.0,0.0565075121593591,0.3702745984201962,False,37.25027847290039,438,0.3208333333333333,0.3090909090909091,11.074448468336762,34.285714285714285,0.0004655602806236,0.0437086938408774,0.005375,0.0024242424242424,0.4699471588111085,,,,
dartsviz_pdc_2017,Simon Whitlock,student-t,False,student-t,266,275,5,-1239.311007440749,-1196.8239839467376,-4.352087214351773,6.236591032591649,11767437.231630469,-1.1263750934584755,0.0,0.0587961993922174,0.3697214002889197,True,50.21574687957764,782,0.3005,0.3090909090909091,11.6017967389013,34.285714285714285,-0.0052651022702275,0.0437086938408774,0.0083333333333333,0.0024242424242424,,2.0000000000005618,,,
dartsviz_pdc_2017,Simon Whitlock,core+uniform,False,core+uniform,266,275,5,-1575.8768015535866,-1544.7844004871004,-5.6173978199530925,13.366197857318252,19.52163781712949,-0.6950705214970163,0.0,0.0563462184975107,0.3637138989528793,False,24.37619137763977,403,0.1262083333333333,0.3090909090909091,5.094210449807365,34.285714285714285,0.0156996649813615,0.0437086938408774,0.013375,0.0024242424242424,,,0.0287296612563808,,
dartsviz_pdc_2017,Simon Whitlock,two-component,False,two-component,266,275,6,-1247.3225330150242,-1208.6065856280752,-4.3949330386475465,7.787938345354957,16.080699246833497,-1.665531343392694,0.0,0.0563274949197313,0.3690425580641501,False,34.6623592376709,402,0.2650416666666667,0.3090909090909091,9.331262978307404,34.285714285714285,-0.0107021381443776,0.0437086938408774,0.0132083333333333,0.0024242424242424,,,0.0773958275628182,6.570097103394911,
dartsviz_pdc_2017,Simon Whitlock,gaussian,True,gaussian + visit scale,266,275,5,-1266.6181428702375,-1228.7613549188832,-4.4682231087959385,13.255123945770398,13.255123945770398,-0.9459526639851348,0.8067750492686194,0.0552789496514218,0.3707525237003296,True,131.81452059745789,319,0.2904166666666666,0.3090909090909091,37.32487819048499,34.285714285714285,0.2772288500457853,0.0437086938408774,0.0107916666666666,0.0024242424242424,,,,,
dartsviz_pdc_2017,Simon Whitlock,student-t,True,student-t + visit scale,266,275,6,-1232.617018733109,-1192.0778910508186,-4.334828694730249,7.176131278139768,16.58966466895171,-1.0153655224884304,0.4375101342570785,0.0568551436808718,0.369559111529895,False,168.16042256355286,390,0.3223333333333333,0.3090909090909091,21.09305261242154,34.285714285714285,0.0599840419200392,0.0437086938408774,0.0065833333333333,0.0024242424242424,,2.4603686210217206,,,
dartsviz_pdc_2017,Michael Smith,gaussian,False,gaussian,264,270,4,-1365.3674895875674,-1289.69642142695,-4.776653412692407,11.855740914304368,11.855740914304368,0.7493440527216952,0.0,0.0234167185491049,0.3493593473151851,True,11.727327823638916,230,0.164875,0.2728395061728395,7.561549083784732,30.9707666850524,0.0003544510365207,0.1184706443463197,0.0,0.0012345679012345,,,,,
dartsviz_pdc_2017,Michael Smith,exp-power,False,exp-power,264,270,5,-1138.4630673321767,-1191.1432811531915,-4.411641782048857,0.5021339313526166,12.047995241878253,2.1624333388684263,0.0,0.0233611874138636,0.346135862834899,False,38.43665719032288,582,0.3735,0.2728395061728395,13.464850554576865,30.9707666850524,-0.0006372944175942,0.1184706443463197,0.0029583333333333,0.0012345679012345,0.4862566748704546,,,,
dartsviz_pdc_2017,Michael Smith,student-t,False,student-t,264,270,5,-1118.8714014366817,-1169.5252688209498,-4.331575069707221,5.444397924824268,111.34308951602316,-0.9634181484387568,0.0,0.0207485240662422,0.3414938263660119,True,35.09459567070007,821,0.358125,0.2728395061728395,14.377855005432057,30.9707666850524,-0.0113019011903476,0.1184706443463197,0.0062916666666666,0.0012345679012345,,2.00479339044421,,,
dartsviz_pdc_2017,Michael Smith,core+uniform,False,core+uniform,264,270,5,-1135.513317213721,-1180.7280624503617,-4.373066897964303,7.450260811153381,17.56581365581189,-1.8087022605135927,0.0,0.0234009099704684,0.3317573079252945,False,34.87969899177551,577,0.3067083333333333,0.2728395061728395,11.344960447354064,30.9707666850524,-0.0001934393465116,0.1184706443463197,0.016375,0.0012345679012345,,,0.0352955783024625,,
dartsviz_pdc_2017,Michael Smith,two-component,False,two-component,264,270,6,-1112.4119763093342,-1158.6544586106074,-4.291312809668916,6.460245817658598,12.63348722214494,-1.3263617769296374,0.0,0.0234976712869322,0.3482953515114624,False,42.37010979652405,480,0.3345,0.2728395061728395,13.915357585779248,30.9707666850524,0.0041726773382105,0.1184706443463197,0.0053333333333333,0.0012345679012345,,,0.09607919075355,5.513185815460212,
dartsviz_pdc_2017,Michael Smith,gaussian,True,gaussian + visit scale,264,270,5,-1157.8793168069662,-1203.953883418529,-4.459088457105662,12.233677890478791,12.233677890478791,-0.4379989923510098,0.909437429848333,0.0234784290211118,0.3486485596530075,True,142.21814107894895,318,0.3636666666666667,0.2728395061728395,43.287845281653325,30.9707666850524,0.3108380005977615,0.1184706443463197,0.0111666666666666,0.0012345679012345,,,,,
dartsviz_pdc_2017,Michael Smith,student-t,True,student-t + visit scale,264,270,6,-1116.152086034616,-1169.1493696461182,-4.330182850541179,5.839701607706324,19.087610514638943,-0.8577998263097747,0.3297340680563687,0.0212117694979565,0.3422266526458485,False,177.98401141166687,458,0.3761666666666666,0.2728395061728395,19.975654886577804,30.9707666850524,0.0332424514268539,0.1184706443463197,0.005375,0.0012345679012345,,2.20653255785033,,,
dartsviz_pdc_2017,Jelle Klaasen,gaussian,False,gaussian,257,263,4,-1356.8571754639177,-1410.8889635108198,-5.364596819432775,11.617596352174552,11.617596352174552,-0.2130568990997243,0.0,0.0842517882104697,0.4746326064025863,True,9.112669944763184,224,0.1497083333333333,0.2129277566539923,9.289816809097012,28.1912681912682,0.0042124164981251,-0.0087458759990989,0.0,0.0012674271229404,,,,,
dartsviz_pdc_2017,Jelle Klaasen,exp-power,False,exp-power,257,263,5,-1239.600407502815,-1286.6062286331955,-4.892038892141428,1.5965947020163571,12.573537922933696,0.0735773833750693,0.0,0.0842376143202656,0.4745207977642934,False,29.87638807296753,498,0.273125,0.2129277566539923,15.51386274978676,28.1912681912682,0.0034375659214025,-0.0087458759990989,0.00225,0.0012674271229404,0.6085598312683982,,,,
dartsviz_pdc_2017,Jelle Klaasen,student-t,False,student-t,257,263,5,-1240.010297959889,-1281.7987745533285,-4.873759599062085,6.80969990777415,16.395002789701934,0.1096835300664442,0.0,0.0834605491661264,0.4729227190716756,False,15.946547031402588,304,0.2580416666666666,0.2129277566539923,14.144410537362592,28.1912681912682,-0.0014291732546557,-0.0087458759990989,0.00525,0.0012674271229404,,2.4169693129024488,,,
dartsviz_pdc_2017,Jelle Klaasen,core+uniform,False,core+uniform,257,263,5,-1269.8867615574247,-1304.2722158765184,-4.959209946298549,9.211751059819004,15.911700665870669,0.1858090699907396,0.0,0.0799032384628564,0.4601588379587571,False,25.361895084381104,269,0.208375,0.2129277566539923,11.02100428756169,28.1912681912682,0.0053426629411032,-0.0087458759990989,0.0105416666666666,0.0012674271229404,,,0.0235745762161351,,
dartsviz_pdc_2017,Jelle Klaasen,two-component,False,two-component,257,263,6,-1239.8908503747257,-1280.3743232180616,-4.868343434289208,6.682130585580842,12.850295703879928,-0.0653188382313705,0.0,0.0842746803797242,0.4746273807237653,False,43.12895941734314,390,0.252,0.2129277566539923,13.72009069493136,28.1912681912682,-0.0048795280686982,-0.0087458759990989,0.00225,0.0012674271229404,,,0.2137229587000328,3.691204596938043,
dartsviz_pdc_2017,Jelle Klaasen,gaussian,True,gaussian + visit scale,257,263,5,-1265.4254516371636,-1304.6008419006905,-4.960459474907568,10.917783738253265,10.917783738253265,0.1172408996602658,0.5402708506672064,0.0842678511623709,0.4746129007952849,True,117.47918915748596,239,0.2455,0.2129277566539923,26.24649349948751,28.1912681912682,0.2008352968281451,-0.0087458759990989,0.0014166666666666,0.0012674271229404,,,,,
dartsviz_pdc_2017,Jelle Klaasen,student-t,True,student-t + visit scale,257,263,6,-1237.35237310221,-1282.0827373261204,-4.874839305422511,7.279857059236543,13.905417318585812,0.0992820974051313,0.307208626201181,0.0836173454983669,0.4734790570345062,False,164.82076621055603,374,0.274125,0.2129277566539923,18.7336437634234,28.1912681912682,0.0404734495911717,-0.0087458759990989,0.0042916666666666,0.0012674271229404,,2.755125260080312,,,
dartsviz_pdc_2017,Adrian Lewis,gaussian,False,gaussian,257,255,4,-1061.102910577789,-1079.1585487311088,-4.231994308749446,8.884568212624853,8.884568212624853,1.099223337696999,0.0,0.0466305667593593,0.3333309865273119,True,10.203186511993408,189,0.2515833333333333,0.3281045751633987,8.906512541801442,20.42763157894737,-0.0074805540419477,-0.0495351552229308,0.0,0.0026143790849673,,,,,
dartsviz_pdc_2017,Adrian Lewis,exp-power,False,exp-power,257,255,5,-1047.0976057341534,-1023.6375125136236,-4.014264754955387,5.348845549467188,9.448451220169344,1.2677408157588737,0.0,0.0466325840783292,0.3333340490061232,False,26.308289051055908,347,0.3071666666666666,0.3281045751633987,10.30563950040838,20.42763157894737,-0.0089698588275083,-0.0495351552229308,0.0001666666666666,0.0026143790849673,0.9906969364565874,,,,
dartsviz_pdc_2017,Adrian Lewis,student-t,False,student-t,257,255,5,-1049.979328433627,-1021.2361265169264,-4.004847554968339,7.135880322730744,9.650173770289248,1.4499591469773594,0.0,0.046624183301184,0.3333330777330546,False,18.09652614593506,318,0.297375,0.3281045751633987,10.22143234866893,20.42763157894737,-0.0036289651532005,-0.0495351552229308,0.00075,0.0026143790849673,,4.413017821216023,,,
dartsviz_pdc_2017,Adrian Lewis,core+uniform,False,core+uniform,257,255,5,-1061.102910565615,-1077.752984131619,-4.226482290712232,8.88454968079586,8.884549680833493,1.0992229436640062,0.0,0.0466321253420425,0.3333333454227158,True,56.43126344680786,726,0.2515833333333333,0.3281045751633987,8.906512541801442,20.42763157894737,-0.0074805540419477,-0.0495351552229308,0.0,0.0026143790849673,,,9.357622968839301e-14,,
dartsviz_pdc_2017,Adrian Lewis,two-component,False,two-component,257,255,6,-1046.549481607914,-1038.3574656458345,-4.071990061356214,5.100527949250331,9.277925534845272,1.4102178445097473,0.0,0.0466318547248596,0.3333332152385829,False,55.92024636268616,473,0.3097916666666667,0.3281045751633987,10.50235608027274,20.42763157894737,-0.0081373656838184,-0.0495351552229308,0.0,0.0026143790849673,,,0.4882809526957667,2.3934161028886827,
dartsviz_pdc_2017,Adrian Lewis,gaussian,True,gaussian + visit scale,257,255,5,-1057.9650786307952,-1041.4206914032177,-4.084002711385168,8.803883916289186,8.803883916289186,1.3301073992378654,0.257970125470166,0.0466312013608458,0.3333332889672373,True,112.21010112762453,216,0.277125,0.3281045751633987,13.63389611947439,20.42763157894737,0.0638600148993823,-0.0495351552229308,0.0,0.0026143790849673,,,,,
dartsviz_pdc_2017,Adrian Lewis,student-t,True,student-t + visit scale,257,255,6,-1049.950834413875,-1021.1352671528329,-4.004452028050324,7.177904962385984,9.60826541011139,1.450973135875884,0.0890208811735887,0.046625684080529,0.3333322452689644,False,184.12795853614807,419,0.2992083333333333,0.3281045751633987,11.11899786357215,20.42763157894737,-0.0005940723543815,-0.0495351552229308,0.00025,0.0026143790849673,,4.525824013701964,,,
dartsviz_pdc_2017,Kim Huybrechts,gaussian,False,gaussian,219,215,4,-937.6099121805432,-889.2351915892924,-4.135977635299034,9.596383074807129,9.596383074807129,0.9017905894124528,0.0,0.017815278188066,0.4145918690564628,True,21.121651649475098,390,0.2141666666666666,0.337984496124031,11.735931234559915,21.96499153020892,-0.0096701379629483,0.0405890315425034,0.0,0.0031007751937984,,,,,
dartsviz_pdc_2017,Kim Huybrechts,exp-power,False,exp-power,219,215,5,-881.6233859459524,-825.8998765300804,-3.8413947745585135,3.529713706145165,9.74605842681704,0.4511203591324254,0.0,0.0178568184910693,0.4148161818454358,False,29.078927040100098,339,0.3130416666666666,0.337984496124031,16.709267089886186,21.96499153020892,-0.0084162268127834,0.0405890315425034,0.0003333333333333,0.0031007751937984,0.8242758356859521,,,,
dartsviz_pdc_2017,Kim Huybrechts,student-t,False,student-t,219,215,5,-876.2187248767987,-820.7150542431905,-3.817279322061351,6.685502727572271,9.991973389408855,0.8824713585189499,0.0,0.0178510672640114,0.41489091869158,False,16.3320631980896,293,0.3007916666666667,0.337984496124031,15.581070041917284,21.96499153020892,-0.0073724214744101,0.0405890315425034,0.0012083333333333,0.0031007751937984,,3.6210751012922007,,,
dartsviz_pdc_2017,Kim Huybrechts,core+uniform,False,core+uniform,219,215,5,-883.5233592765437,-827.9690315745232,-3.8510187515094105,8.470508120413665,10.550986283701675,0.6509132349978672,0.0,0.0178106412654332,0.4153114258992397,False,25.29627585411072,351,0.2546666666666666,0.337984496124031,14.3239251498003,21.96499153020892,0.0008598022799018,0.0405890315425034,0.0025416666666666,0.0031007751937984,,,0.0055322826712301,,
dartsviz_pdc_2017,Kim Huybrechts,two-component,False,two-component,219,215,6,-878.9245112293385,-824.2579766936544,-3.833758031133277,7.19616083706196,10.23624166999232,0.973556484082367,0.0,0.0178573189858884,0.4148156431207381,False,40.172016859054565,329,0.2857916666666666,0.337984496124031,14.653274283653012,21.96499153020892,-0.0104608305687117,0.0405890315425034,0.00125,0.0031007751937984,,,0.0954829975558581,3.423159524100704,
dartsviz_pdc_2017,Kim Huybrechts,gaussian,True,gaussian + visit scale,219,215,5,-888.0237005840625,-835.3464636592576,-3.885332389112826,8.845943472562984,8.845943472562984,0.9319381094072592,0.4190120098437699,0.0178601484285911,0.4148261695185569,True,133.09584212303162,293,0.3004583333333333,0.337984496124031,24.3191666105386,21.96499153020892,0.1387606151847733,0.0405890315425034,0.0002916666666666,0.0031007751937984,,,,,
dartsviz_pdc_2017,Kim Huybrechts,student-t,True,student-t + visit scale,219,215,6,-875.7817815056592,-820.3859612082581,-3.815748656782596,6.844440061172093,9.790979672436904,0.8684476186572238,0.1877210361296596,0.0178530156528708,0.4148845688936053,False,161.21439051628113,365,0.308125,0.337984496124031,17.626606938937545,21.96499153020892,0.0222525939796926,0.0405890315425034,0.00075,0.0031007751937984,,3.911436161120167,,,
dartsviz_pdc_2017,Alan Norris,gaussian,False,gaussian,210,207,4,-905.0100400367704,-826.237470897066,-3.9914853666524928,10.34275665538302,10.34275665538302,-2.058799523143157,0.0,2.2697171165948537e-14,0.1963569215183097,True,16.09450888633728,277,0.2277083333333333,0.3252818035426731,4.873266591400008,6.517205422314914,-0.0099447214296037,-0.0239428996118824,0.0,0.0,,,,,
dartsviz_pdc_2017,Alan Norris,exp-power,False,exp-power,210,207,5,-830.116977801925,-811.6248895839285,-3.92089318639579,2.4519846685272544,10.62614582660884,-3.0801545415713507,0.0,2.8874120072324715e-08,0.1961591070019586,False,43.117788791656494,426,0.360375,0.3252818035426731,8.189968654814962,6.517205422314914,-0.0071720047562175,-0.0239428996118824,0.001,0.0,0.7118955706549214,,,,
dartsviz_pdc_2017,Alan Norris,student-t,False,student-t,210,207,5,-825.3193073654029,-812.03992385535,-3.922898182876087,6.517404307459108,11.499453584187451,-3.779819362606392,0.0,9.257998388407884e-15,0.195213797849204,False,45.57183170318604,861,0.3465416666666667,0.3252818035426731,7.804547893194669,6.517205422314914,-0.0061685194723593,-0.0239428996118824,0.002,0.0,,2.946438177245969,,,
dartsviz_pdc_2017,Alan Norris,core+uniform,False,core+uniform,210,207,5,-835.6299765961419,-819.2528817498984,-3.957743390096128,8.793860602162047,11.538669887928064,-2.4676995869240894,0.0,3.7677839786785277e-16,0.1920521885348725,False,64.1742115020752,790,0.280125,0.3252818035426731,7.004516210026207,6.517205422314914,-0.0075879932329841,-0.0239428996118824,0.0037083333333333,0.0,,,0.0078079897345062,,
dartsviz_pdc_2017,Alan Norris,two-component,False,two-component,210,207,6,-828.0789436886148,-814.1584720522915,-3.933132715228461,6.622969091911377,10.887574924352236,-5.016186562670413,0.0,7.34417446794903e-14,0.1962602049420427,False,106.95698595046996,1039,0.3449583333333333,0.3252818035426731,7.795017300955726,6.517205422314914,-0.0094775463336693,-0.0239428996118824,0.0019166666666666,0.0,,,0.1168065948647353,3.946505342189628,
dartsviz_pdc_2017,Alan Norris,gaussian,True,gaussian + visit scale,210,207,5,-837.7090994442249,-823.7492198596985,-3.9794648302400897,9.331113856535085,9.331113856535085,-3.479874487446508,0.4877205261470262,2.2237736905402533e-13,0.1961044397047407,True,330.97617530822754,767,0.336875,0.3252818035426731,21.91652551053549,6.517205422314914,0.1571025773930011,-0.0239428996118824,0.0002916666666666,0.0,,,,,
dartsviz_pdc_2017,Alan Norris,student-t,True,student-t + visit scale,210,207,6,-824.2022905294841,-813.4047518305848,-3.9294915547371247,6.839859847633889,10.883538957289067,-3.725873473012615,0.2575857290894738,9.890466477182682e-15,0.1952451714877179,False,424.9613194465637,1066,0.3550416666666666,0.3252818035426731,11.920035489708686,6.517205422314914,0.0288343312599769,-0.0239428996118824,0.0015833333333333,0.0,,3.3055716384395444,,,
dartsviz_pdc_2017,Rob Cross,gaussian,False,gaussian,204,199,4,-875.6107295269769,-835.5793357398073,-4.198891134370891,9.27826026676762,9.27826026676762,0.5209386499441884,0.0,0.076923793917949,0.4087307817105767,True,10.947640657424929,180,0.2205416666666666,0.3182579564489112,9.614977125754857,30.75268817204301,-0.006472539349794,-0.0452702702702701,0.0,0.0016750418760469,,,,,
dartsviz_pdc_2017,Rob Cross,exp-power,False,exp-power,204,199,5,-821.8958140536524,-797.251965091328,-4.00629128186597,4.172440408018616,9.174314137523568,0.6569408356336989,0.0,0.0769237156388742,0.408729171620062,False,31.36983108520508,369,0.310875,0.3182579564489112,13.637592482092725,30.75268817204301,-0.0062389491894962,-0.0452702702702701,0.000125,0.0016750418760469,0.8997818925142567,,,,
dartsviz_pdc_2017,Rob Cross,student-t,False,student-t,204,199,5,-814.4196429715483,-794.1061270960553,-3.990483050733946,6.74653090215679,8.955302487730536,0.718415365391088,0.0,0.0769215925588423,0.4087289415282064,False,18.55050539970398,287,0.2989583333333333,0.3182579564489112,12.562067990936283,30.75268817204301,-0.0052433007516276,-0.0452702702702701,0.0005416666666666,0.0016750418760469,,4.62476152930868,,,
dartsviz_pdc_2017,Rob Cross,core+uniform,False,core+uniform,204,199,5,-814.9165369262964,-801.1419610521237,-4.025839000261929,8.197997749142633,9.016281509439738,0.5475200101026252,0.0,0.0769207695352515,0.4087125769637311,False,33.72194027900696,378,0.2621666666666666,0.3182579564489112,12.149034778263236,30.75268817204301,-0.0031576166769253,-0.0452702702702701,0.0014166666666666,0.0016750418760469,,,0.0019679481498489,,
dartsviz_pdc_2017,Rob Cross,two-component,False,two-component,204,199,6,-815.2109211496347,-800.7765199736116,-4.024002612932722,8.193715734970935,9.193625946494812,0.5504109590699078,0.0,0.0769123910331274,0.4087122618378919,False,44.69008803367615,426,0.26225,0.3182579564489112,12.16517445394611,30.75268817204301,-0.0027776967006737,-0.0452702702702701,0.0014583333333333,0.0016750418760469,,,0.0022080107469293,10.875751112182202,
dartsviz_pdc_2017,Rob Cross,gaussian,True,gaussian + visit scale,204,199,5,-813.5838443067939,-803.4598719529182,-4.037486793733257,8.202900910836142,8.202900910836142,0.5946065829445233,0.3978333201974339,0.0769218774358957,0.4087299113672691,True,111.53025388717651,255,0.3162083333333333,0.3182579564489112,21.07863039653539,30.75268817204301,0.1304926979806023,-0.0452702702702701,4.1666666666666665e-05,0.0016750418760469,,,,,
dartsviz_pdc_2017,Rob Cross,student-t,True,student-t + visit scale,204,199,6,-811.7151493156257,-795.5366628816232,-3.997671672771976,7.253048167098255,8.579073696000842,0.6466376585195484,0.3059911936406873,0.0769227875826779,0.4087302080873251,False,143.46133661270142,359,0.3163333333333333,0.3182579564489112,18.641078149582544,30.75268817204301,0.0702798038936246,-0.0452702702702701,8.333333333333333e-05,0.0016750418760469,,7.011642800191496,,,
dartsviz_pdc_2017,Peter Wright,elliptical,False,elliptical,650,653,5,-3035.923783865572,-3769.226561906981,-5.772169313793233,12.96200700890214,10.27416406034606,1.425707902023146,0.0,0.0222117440815468,0.1397751822921366,False,36.2276394367218,577,0.2652083333333333,0.3879530372639101,4.2199647224996255,4.067104739147753,0.0071058518510927,0.0193431634963973,0.0,0.001531393568147,,,,,0.6282731338000218
dartsviz_pdc_2017,Michael van Gerwen,elliptical,False,elliptical,530,542,5,-2282.764065190593,-2978.0968749770755,-5.494643680769512,9.864908335585616,7.37041315180384,-0.4994402648739086,0.0,0.0835985513831482,0.4103674900423119,False,36.62727880477905,529,0.3610416666666666,0.3616236162361623,14.587394444550345,36.86094069529653,-0.0074893264957833,-0.0179015955446043,0.0,0.002460024600246,,,,,0.5582099300307133
dartsviz_pdc_2017,Raymond van Barneveld,elliptical,False,elliptical,389,404,5,-1957.1816566937848,-1932.763905214468,-4.78406907231304,12.700742945042997,12.630078052774545,-0.7150499203138656,0.0,0.0302122604486054,0.1798063082281923,False,19.53174042701721,366,0.1715833333333333,0.3704620462046205,2.5614701234516533,12.629399585921323,0.0041623312763501,0.0969030115122513,0.0,0.0041254125412541,,,,,0.9889032777811017
dartsviz_pdc_2017,Daryl Gurney,elliptical,False,elliptical,367,378,5,-1785.4854066319594,-1734.0597453667865,-4.587459643827477,13.098966198886194,9.047469829224717,0.4940450460668504,0.0,0.0509190809830271,0.2327776742295808,False,31.707504749298096,500,0.3134166666666667,0.3500881834215167,6.015070488800411,33.49789502377563,0.0068953345025358,0.0209163656149394,0.0,0.0026455026455026,,,,,0.4770679533096134
dartsviz_pdc_2017,Gary Anderson,elliptical,False,elliptical,348,347,5,-1859.7142322631933,-1771.559601758584,-5.105359082877763,11.741379776861333,11.473641151817953,0.6948734038298692,0.0,0.0835960734477214,0.3185281208032293,False,14.953353643417358,314,0.1779583333333333,0.3621517771373679,5.855447899146382,17.42874930824571,0.0026495417328128,0.0285588306367376,0.0,0.004803073967339,,,,,0.9549139864647008
dartsviz_pdc_2017,Phil Taylor,elliptical,False,elliptical,338,329,5,-1379.9030475223944,-1362.3339685337344,-4.140832731105576,9.154372658981757,7.8946778678958225,-1.452366196798864,0.0,0.1309492565067062,0.2152581148546882,False,35.87224078178406,548,0.3367083333333333,0.3880445795339412,3.659410716293271,0.7598319969453982,-0.006360956353859,0.0427112978604099,0.0,0.0040526849037487,,,,,0.7437237528307556
dartsviz_pdc_2017,Dave Chisnall,elliptical,False,elliptical,307,299,5,-1730.6273651740214,-1547.9594260942315,-5.177121826402113,11.88924613124267,13.90141699080677,0.825126271069943,0.0,0.0310071536873423,0.3061777136803662,False,15.113044023513794,352,0.124625,0.4002229654403567,4.049677668448948,31.780538302277435,0.0069297729232324,-0.0287616522620737,0.0001666666666666,0.0066889632107023,,,,,1.3671290310900637
dartsviz_pdc_2017,Gerwyn Price,elliptical,False,elliptical,285,279,5,-1405.5539291234722,-1423.1411494169138,-5.100864334827648,11.752612217366169,11.224715668528264,0.2992672923215954,0.0,0.0408063873994972,0.2690127726697261,False,14.494821548461914,310,0.1970833333333333,0.3333333333333333,5.266152287428882,24.03940886699507,0.0019315694862951,0.056270822014386,0.0,0.007168458781362,,,,,0.9121828110459214
dartsviz_pdc_2017,James Wade,elliptical,False,elliptical,275,272,5,-1269.3139825427784,-1114.391954149448,-4.0970292431965,10.267037779285298,12.346298082598246,0.2086931797916775,0.0,0.0815263201967483,0.2185816876141348,False,12.7663152217865,244,0.156625,0.3051470588235294,1.9421396863457807,10.500155327741536,-0.0079583186365829,0.0470106538582789,0.0,0.0,,,,,1.4460496214506589
dartsviz_pdc_2017,Mensur Suljovic,elliptical,False,elliptical,263,282,5,-1300.1771757153174,-1310.4963942422537,-4.647150334192389,9.388957756644936,12.827319514717482,-2.9559572946257866,0.0,0.0857456216159263,0.1410393532351645,False,14.665401458740234,284,0.1413333333333333,0.3546099290780142,-0.1883963322412252,14.361702127659576,0.0010545223665133,0.0172375948388734,0.000625,0.0035460992907801,,,,,1.8665389424563037
dartsviz_pdc_2017,Simon Whitlock,elliptical,False,elliptical,266,275,5,-1563.311525298256,-1509.0818955455195,-5.487570529256435,11.520475090756984,16.130609780582574,0.2186936192632527,0.0,0.0562590745363529,0.3691575228349359,False,15.140985012054443,316,0.0860416666666666,0.3090909090909091,3.3920435873327146,34.285714285714285,0.0107470375065281,0.0437086938408774,0.0049166666666666,0.0024242424242424,,,,,1.9604726678438176
dartsviz_pdc_2017,Michael Smith,elliptical,False,elliptical,264,270,5,-1356.3601747304072,-1282.505335353508,-4.750019760568548,14.843661078862738,9.881184261940229,-0.0640583323881211,0.0,0.0423898978321872,0.3748655758563148,False,20.77878189086914,506,0.2471666666666666,0.2728395061728395,10.574265741602536,30.9707666850524,0.0097063163486178,0.1184706443463197,0.0,0.0012345679012345,,,,,0.4431348811356014
dartsviz_pdc_2017,Jelle Klaasen,elliptical,False,elliptical,257,263,5,-1327.1938956851484,-1390.1229853621871,-5.285638727612879,13.6705232027741,9.91542457255454,-0.2522799527488156,0.0,0.0896548162242854,0.474031425217778,False,34.359331369400024,600,0.215875,0.2129277566539923,12.319361038585072,28.191268191268197,0.0096522423976293,-0.0087458759990989,0.0,0.0012674271229404,,,,,0.5260806857666954
dartsviz_pdc_2017,Adrian Lewis,elliptical,False,elliptical,257,255,5,-1051.841610688908,-1076.7421794229049,-4.222518350678057,9.66167842407493,8.408070269784558,0.988152481538767,0.0,0.0466328754626516,0.3333336437623146,False,17.14719009399414,280,0.2963333333333333,0.3281045751633987,9.656739696501129,20.42763157894737,-0.0091006631410501,-0.0495351552229308,0.0,0.0026143790849673,,,,,0.7573340935440952
dartsviz_pdc_2017,Kim Huybrechts,elliptical,False,elliptical,219,215,5,-937.600560269674,-889.3741279258206,-4.13662385081777,9.625590432943332,9.581301576377436,0.9113564929389932,0.0,0.0178032258028086,0.4150107875122766,False,30.18525457382202,625,0.2149166666666666,0.337984496124031,11.699358759978482,21.96499153020892,-0.0096297812215169,0.0405890315425034,0.0,0.0031007751937984,,,,,0.9908188558667946
dartsviz_pdc_2017,Alan Norris,elliptical,False,elliptical,210,207,5,-904.327252874,-822.8039192514932,-3.9748981606352327,10.62022631844263,10.208870731316178,-2.035415524097514,0.0,2.611604709053617e-06,0.1966945444289358,False,33.51900625228882,768,0.2377916666666666,0.3252818035426731,4.773109881257614,6.517205422314914,-0.008596986383189,-0.0239428996118824,0.0,0.0,,,,,0.9240338178630544
dartsviz_pdc_2017,Rob Cross,elliptical,False,elliptical,204,199,5,-871.0232202368946,-840.6960656204691,-4.224603344826478,8.541147546888402,9.435194297776672,0.6323812191037725,0.0,0.0769216857402127,0.4087298628349459,False,13.241217613220217,246,0.2029166666666666,0.3182579564489112,9.832081510624445,30.75268817204301,-0.0047371430756545,-0.0452702702702701,0.0,0.0016750418760469,,,,,1.2203074069617217
dartsviz_pdc_2017,Peter Wright,elliptical-t,False,elliptical-t,650,653,6,-2611.5258871568435,-2651.7939361365598,-4.060940177850781,6.049676134604288,17.953465886390013,0.07801104874382914,0.0,0.014911409101809533,0.1347602774054201,False,27.347535848617554,479,0.39316666666666666,0.38795303726391017,5.697073983907069,4.067104739147753,-0.00873076532390708,0.019343163496397357,0.004458333333333333,0.0015313935681470138,,2.238326632530819,,,0.9377378911615509
dartsviz_pdc_2017,Peter Wright,nig,False,nig,650,653,5,-2621.0550424828416,-2670.0425937994596,-4.088886054823062,12.350445828386125,12.350445828386125,0.3281344052405845,0.0,0.01629681995945696,0.13703847532385624,False,23.318910360336304,312,0.3955,0.38795303726391017,5.529555050870593,4.067104739147753,-0.004554909137673515,0.019343163496397357,0.0032083333333333334,0.0015313935681470138,,,,0.21217016100309166,
dartsviz_pdc_2017,Michael van Gerwen,elliptical-t,False,elliptical-t,530,542,6,-2095.9057405222475,-2192.417879207878,-4.045051437652911,5.121806678423396,9.280098073195095,-2.7721610196311355,0.0,0.09357292278027493,0.41575929208957,False,23.850640535354614,425,0.3919166666666667,0.36162361623616235,15.920846341827371,36.86094069529653,-0.0007052903166169048,-0.01790159554460439,0.0016666666666666668,0.0024600246002460025,,2.801662269063697,,,0.9393651195119677
dartsviz_pdc_2017,Michael van Gerwen,nig,False,nig,530,542,5,-2104.4642491083214,-2213.1481106443575,-4.083299097129811,8.753193066438335,8.753193066438335,-2.6770342677795167,0.0,0.09394996322592272,0.41678882654489485,False,25.189737558364868,335,0.39216666666666666,0.36162361623616235,15.860568627941285,36.86094069529653,-0.004684120269231709,-0.01790159554460439,0.0008333333333333334,0.0024600246002460025,,,,0.32931278495388683,
dartsviz_pdc_2017,Raymond van Barneveld,elliptical-t,False,elliptical-t,389,404,6,-1581.6815429044952,-1606.4566914792,-3.9763779492059403,4.564559078899203,25063552.33611913,-4.228694607746965,0.0,0.027700412323341066,0.14481166180369495,True,67.1718122959137,1108,0.351125,0.3704620462046205,4.436806682900435,12.629399585921325,-0.010132242579375636,0.0969030115122513,0.007208333333333333,0.004125412541254125,,2.0000000000000937,,,1.41257093390937
dartsviz_pdc_2017,Raymond van Barneveld,nig,False,nig,389,404,5,-1611.3679812827704,-1628.9371612516788,-4.032022676365542,13.819208295266266,13.819208295266266,-2.4186588572467342,0.0,0.029709677841660884,0.16773356245532378,False,21.232778549194336,291,0.370625,0.3704620462046205,5.216186923430816,12.629399585921325,-0.005289015806653159,0.0969030115122513,0.005,0.004125412541254125,,,,0.17598092481388494,
dartsviz_pdc_2017,Daryl Gurney,elliptical-t,False,elliptical-t,367,378,6,-1516.7423629760478,-1544.642064986004,-4.086354669275143,5.825767979652688,23.006866687011815,-2.7174019136811856,0.0,0.0039011065983273006,0.2414798068948709,False,34.34640860557556,620,0.38233333333333336,0.35008818342151676,10.250712960126934,33.49789502377563,-0.008251751628741552,0.020916365614939404,0.005208333333333333,0.0026455026455026454,,2.127596225880558,,,0.9353134962268906
dartsviz_pdc_2017,Daryl Gurney,nig,False,nig,367,378,5,-1523.764956350311,-1551.2759166749845,-4.103904541468213,12.576144195577957,12.576144195577957,-2.4535053099727073,0.0,0.0050825890294127,0.24300218098031662,False,33.78267812728882,337,0.3864166666666667,0.35008818342151676,10.132211767546174,33.49789502377563,-0.001094874841144988,0.020916365614939404,0.003416666666666667,0.0026455026455026454,,,,0.18544215747696394,
dartsviz_pdc_2017,Gary Anderson,elliptical-t,False,elliptical-t,348,347,6,-1527.3049867024315,-1471.5622281750661,-4.240813337680306,5.8386858659810965,19.294046046413406,0.018878245946773776,0.0,0.08355697742916177,0.31112125794579415,False,29.12384057044983,520,0.371875,0.3621517771373679,9.059798615722404,17.42874930824571,-0.008333771572979161,0.028558830636737618,0.0045,0.004803073967339097,,2.177267559525765,,,0.8890657202878935
dartsviz_pdc_2017,Gary Anderson,nig,False,nig,348,347,5,-1536.6953721301509,-1480.4909475023585,-4.266544517297863,12.294605847070855,12.294605847070855,0.1107941261153522,0.0,0.08360345633378975,0.31560569501758823,False,31.77657198905945,365,0.37016666666666664,0.3621517771373679,9.186795932073338,17.42874930824571,-0.004139810766994956,0.028558830636737618,0.0032916666666666667,0.004803073967339097,,,,0.17421765942745532,
dartsviz_pdc_2017,Phil Taylor,elliptical-t,False,elliptical-t,338,329,6,-1321.0708395699808,-1258.4855873167319,-3.8251841559779085,5.301960938782626,8.613449436801668,-5.795077149371398,0.0,0.1428932691534081,0.20267248977508376,False,23.562825441360474,445,0.35720833333333335,0.3880445795339412,2.9618430702541443,0.7598319969453982,-0.005624319689031214,0.04271129786040993,0.0013333333333333333,0.004052684903748734,,3.504469735682148,,,1.1330323544804703
dartsviz_pdc_2017,Phil Taylor,nig,False,nig,338,329,5,-1325.9675141418215,-1269.1368215162584,-3.8575587280129433,8.450894821104775,8.450894821104775,-4.74635331955367,0.0,0.1429408005742212,0.2027144288048533,False,23.952616930007935,317,0.3620833333333333,0.3880445795339412,2.5062500003981802,0.7598319969453982,-0.005782977685831649,0.04271129786040993,0.00025,0.004052684903748734,,,,0.8232677753215223,
dartsviz_pdc_2017,Dave Chisnall,elliptical-t,False,elliptical-t,307,299,6,-1327.3631128848497,-1270.2902850750772,-4.248462491889891,6.134383339854656,16.75878980156107,1.025987802355655,0.0,0.028613164075730894,0.30530026052560016,False,28.064021587371826,506,0.362,0.40022296544035674,11.78817701275206,31.780538302277435,-0.005721564140749523,-0.028761652262073775,0.004458333333333333,0.006688963210702341,,2.2742252317268377,,,0.899948013780733
dartsviz_pdc_2017,Dave Chisnall,nig,False,nig,307,299,5,-1335.2294789482335,-1275.0140918575282,-4.264261176781031,12.72783831591705,12.72783831591705,1.1363676223499388,0.0,0.030302398191851158,0.3059877871604652,False,23.346774578094482,359,0.36720833333333336,0.40022296544035674,11.60467945304537,31.780538302277435,-0.004405069392062807,-0.028761652262073775,0.0037916666666666667,0.006688963210702341,,,,0.1794558754037214,
dartsviz_pdc_2017,Gerwyn Price,elliptical-t,False,elliptical-t,285,279,6,-1246.3019749630812,-1250.6623904933992,-4.482660897825804,6.959433517391892,15.106910547938321,-0.29019113102826916,0.0,0.04000505879486393,0.26331204972770916,False,26.127525091171265,398,0.337,0.3333333333333333,8.420347734492422,24.03940886699507,-0.0024559346509689045,0.056270822014386074,0.004,0.007168458781362007,,2.4571622251697334,,,0.8766778667985766
dartsviz_pdc_2017,Gerwyn Price,nig,False,nig,285,279,5,-1250.3227169733154,-1255.6558890724145,-4.500558742195034,12.657565053594272,12.657565053594272,-0.24648578727687426,0.0,0.04051109116511369,0.26515543789884505,False,25.57512927055359,324,0.33570833333333333,0.3333333333333333,8.428275263800195,24.03940886699507,-0.0008120599855422629,0.056270822014386074,0.0030416666666666665,0.007168458781362007,,,,0.2547743180883982,
dartsviz_pdc_2017,James Wade,elliptical-t,False,elliptical-t,275,272,6,-1086.7576757635184,-1036.702174640444,-3.8114050538251614,4.929027724090919,14.291421249586437,-0.8858613602465609,0.0,0.07951171021942409,0.22214793095320742,False,27.83712339401245,473,0.294875,0.30514705882352944,4.737265435495503,10.500155327741535,-0.0011552828430982218,0.04701065385827896,0.0050416666666666665,0.0,,2.441968698012086,,,1.521527262928198
dartsviz_pdc_2017,James Wade,nig,False,nig,275,272,5,-1113.5176601931237,-1040.3325872649875,-3.824752159062454,11.059675007244772,11.059675007244772,-0.36158178718542966,0.0,0.08155032427929222,0.21859032409741508,False,21.836498975753784,287,0.320375,0.30514705882352944,4.663396744440046,10.500155327741535,-0.0029263320723671503,0.04701065385827896,0.0012916666666666667,0.0,,,,0.5113913583011598,
dartsviz_pdc_2017,Mensur Suljovic,elliptical-t,False,elliptical-t,263,282,6,-1064.380041353489,-1091.4885819477518,-3.8705268863395452,3.921131063501218,22754161.710368,-6.616377952252834,0.0,0.0791943404535046,0.1276089525316861,True,75.78738307952881,1053,0.3579583333333333,0.3546099290780142,1.9465899436288958,14.361702127659576,-0.005810440698786782,0.01723759483887349,0.006541666666666667,0.0035460992907801418,,2.0000000000000937,,,1.5776898939256954
dartsviz_pdc_2017,Mensur Suljovic,nig,False,nig,263,282,5,-1087.9592249963425,-1119.6740804627548,-3.9704754626338823,12.650499227620347,12.650499227620347,-3.914237163066007,0.0,0.08572988258607597,0.13938492252250828,False,28.21089220046997,367,0.3780833333333333,0.3546099290780142,1.49733169129721,14.361702127659576,-0.005674420904192386,0.01723759483887349,0.0034583333333333332,0.0035460992907801418,,,,0.20197299775652236,
dartsviz_pdc_2017,Simon Whitlock,elliptical-t,False,elliptical-t,266,275,6,-1238.33077271765,-1196.352977003585,-4.350374461831218,5.82884704778541,14600989.50558006,-1.2740165883659167,0.0,0.06001701827582811,0.3697940941303379,True,63.02156114578247,1018,0.292,0.3090909090909091,11.136005718188818,34.285714285714285,-0.005802344701635375,0.043708693840877416,0.008333333333333333,0.0024242424242424242,,2.000000000000356,,,1.1174133423784889
dartsviz_pdc_2017,Simon Whitlock,nig,False,nig,266,275,5,-1247.9265399261844,-1207.7660075815675,-4.3918763912057,15.534627452514206,15.534627452514206,-0.9911554413812547,0.0,0.056755478787246925,0.36958544928938947,False,28.798129081726074,394,0.3089166666666667,0.3090909090909091,11.561995688667276,34.285714285714285,0.0010882997649113092,0.043708693840877416,0.007875,0.0024242424242424242,,,,0.14575873054426614,
dartsviz_pdc_2017,Michael Smith,elliptical-t,False,elliptical-t,264,270,6,-1118.313253504255,-1167.937363872076,-4.325693940266948,5.131646906605467,16504777.885229146,-1.0992145739327372,0.0,0.01994004032973963,0.34065689968137686,True,70.04715657234192,1025,0.352125,0.27283950617283953,14.15319400209461,30.970766685052396,-0.0057184300068288535,0.11847064434631974,0.005833333333333334,0.0012345679012345679,,2.000000000000211,,,1.0910374823867293
dartsviz_pdc_2017,Michael Smith,nig,False,nig,264,270,5,-1126.9535480868692,-1175.5499937388286,-4.353888865699365,12.861128944180297,12.861128944180297,-0.6725229320403903,0.0,0.0232063518505783,0.34509099598299664,False,28.67701244354248,321,0.363375,0.27283950617283953,13.94924727559414,30.970766685052396,-0.005359191118215165,0.11847064434631974,0.00425,0.0012345679012345679,,,,0.17154175283949563,
dartsviz_pdc_2017,Jelle Klaasen,elliptical-t,False,elliptical-t,257,263,6,-1236.2645974522875,-1280.4941908382193,-4.868799204708059,7.898755362293682,13.234108529305802,0.03261633719236612,0.0,0.08400268979753346,0.47407369714494757,False,23.771397352218628,391,0.2713333333333333,0.21292775665399238,15.277623089455322,28.191268191268193,0.002584362639712018,-0.008745875999098936,0.00275,0.0012674271229404308,,2.8077327716256915,,,0.8075770895939489
dartsviz_pdc_2017,Jelle Klaasen,nig,False,nig,257,263,5,-1237.9710834146936,-1282.326731480039,-4.875767039848057,12.682728521851867,12.682728521851867,0.03517375838733962,0.0,0.08418015991495957,0.4744060781040041,False,24.333308935165405,348,0.2674166666666667,0.21292775665399238,15.09491343518435,28.191268191268193,0.001733458642374497,-0.008745875999098936,0.002875,0.0012674271229404308,,,,0.3093656254688964,
dartsviz_pdc_2017,Adrian Lewis,elliptical-t,False,elliptical-t,257,255,6,-1048.4211474299984,-1024.1099023265856,-4.016117264025826,8.043664166739447,9.103666072271015,1.1940106683302574,0.0,0.046630883019855185,0.33333119879292267,False,23.582094430923462,449,0.30520833333333336,0.3281045751633987,10.059351930766326,20.42763157894737,-0.0076847766244954865,-0.049535155222930845,0.00025,0.00261437908496732,,6.102579551823486,,,0.8611292477108411
dartsviz_pdc_2017,Adrian Lewis,nig,False,nig,257,255,5,-1047.922159906111,-1022.5776066902795,-4.010108261530508,9.52953107427821,9.52953107427821,1.4219164680083014,0.0,0.046632069527209476,0.33333093753274784,False,25.5357825756073,308,0.30545833333333333,0.3281045751633987,10.162492013930457,20.42763157894737,-0.007403814230987788,-0.049535155222930845,0.0002916666666666667,0.00261437908496732,,,,0.9666379487920378,
dartsviz_pdc_2017,Kim Huybrechts,elliptical-t,False,elliptical-t,219,215,6,-876.1276603270283,-820.6435717126292,-3.8169468451750195,6.495016977228205,10.140453079953096,0.9458944637665012,0.0,0.017849483507191226,0.4149011775614605,False,26.47674560546875,436,0.2989583333333333,0.33798449612403103,15.338539065787815,21.96499153020892,-0.007752962537138033,0.04058903154250346,0.0015833333333333333,0.0031007751937984496,,3.485444050432959,,,1.038848750029606
dartsviz_pdc_2017,Kim Huybrechts,nig,False,nig,219,215,5,-879.1000136245905,-824.3801907207305,-3.834326468468514,9.826887260560937,9.826887260560937,0.8896784229644641,0.0,0.01785743168118739,0.4148204385179814,False,25.56352138519287,283,0.307,0.33798449612403103,16.22711856062824,21.96499153020892,-0.008922281030449248,0.04058903154250346,0.0004166666666666667,0.0031007751937984496,,,,0.6703530120394552,
dartsviz_pdc_2017,Alan Norris,elliptical-t,False,elliptical-t,210,207,6,-825.1974999693248,-811.1689951241411,-3.918690797701165,6.776214933285847,11.190505062991635,-3.5640584627330645,0.0,2.983210105263258e-14,0.19542663878302421,False,62.228652000427246,1115,0.3481666666666667,0.3252818035426731,7.725234991615981,6.517205422314914,-0.004691013135311092,-0.023942899611882465,0.001958333333333333,0.0,,3.0748358505642566,,,0.9533343424016819
dartsviz_pdc_2017,Alan Norris,nig,False,nig,210,207,5,-828.0406578896414,-811.443269233285,-3.9200157933975124,10.768311962713248,10.768311962713248,-3.607250618369969,0.0,1.2315209546435033e-14,0.19611989053661558,False,57.02752375602722,854,0.35270833333333335,0.3252818035426731,8.312615384615384,6.517205422314914,-0.009446171135760408,-0.023942899611882465,0.0011666666666666668,0.0,,,,0.45239190303698085,
dartsviz_pdc_2017,Rob Cross,elliptical-t,False,elliptical-t,204,199,6,-814.2205188445525,-794.4214088849648,-3.992067381331481,6.457700050813878,9.087651513903653,0.7998527153847046,0.0,0.07692347810603088,0.4087295773247422,False,26.516268968582153,438,0.29533333333333334,0.31825795644891125,12.866255515894846,30.75268817204301,-0.0016990913687230027,-0.04527027027027011,0.000625,0.0016750418760469012,,4.303702731351308,,,1.060063211623521
dartsviz_pdc_2017,Rob Cross,nig,False,nig,204,199,5,-818.6010900257169,-795.759912434271,-3.9987935298204573,9.049948772441747,9.049948772441747,0.6916839930981772,0.0,0.07692257514505521,0.4087296064046722,False,17.771673679351807,262,0.30341666666666667,0.31825795644891125,13.216869706113746,30.75268817204301,-0.009917863243141558,-0.04527027027027011,0.00025,0.0016750418760469012,,,,0.9661870986601043,
