state,value
0,0.0
1,-2.4085084467893
2,-2.4517135446668954
3,-2.4261758909085724
4,-2.5274292841365407
5,-2.4135865103016827
6,-2.427539393639614
7,-2.396124179102775
8,-2.4085088971541198
9,-2.3960400278289016
10,-2.443975583155273
11,-2.4274798002431006
12,-2.4732035247204736
13,-2.4036521928642522
14,-2.4148251660714823
15,-2.4376418190143787
16,-2.4346551579810836
17,-2.4173827692287184
18,-2.4043811422646435
19,-2.429700963988044
20,-2.429390084402931
21,-3.3715018035618685
22,-3.466029585430883
23,-3.4930370715042467
24,-3.373033963488787
25,-3.3190635957718357
26,-3.48198305408251
27,-3.396349673505851
28,-3.486861919978995
29,-3.537544674205196
30,-3.559053460790343
31,-3.7299427847406865
32,-3.8781497704587204
33,-3.9200158455654686
34,-3.9740656777653367
35,-3.997887774047103
36,-4.030365341404354
37,-4.165012017997508
38,-4.116971621071954
39,-4.250972017345119
40,-4.241854691005872
41,-4.531483721427494
42,-4.416797207220934
43,-4.6045217810224734
44,-4.635319184767531
45,-4.687478148676885
46,-4.821584701837712
47,-4.837073393478965
48,-4.875480918881848
49,-4.960490313925781
50,-5.046145829597839
51,-5.088748641066549
52,-5.177003404669359
53,-5.217135638634095
54,-5.30077681800484
55,-5.416083073307121
56,-5.433347704949986
57,-5.382141111433311
58,-5.579698714523798
59,-5.623320077461924
60,-5.632146401908853
61,-5.765566004648332
62,-5.828776880256278
63,-5.908157355175908
64,-5.939866516310279
65,-6.036106019141337
66,-6.102705970411995
67,-6.139819834073144
68,-6.228516670554603
69,-6.306849945445778
70,-6.360112035237673
71,-6.407831257744208
72,-6.4912035341203485
73,-6.5498255816380135
74,-6.6250779023293225
75,-6.679457272713299
76,-6.6991598495867954
77,-6.810922024093708
78,-6.897611268258576
79,-6.950340187991883
80,-7.030585595298337
81,-7.101821691518128
82,-7.165038779888432
83,-7.209572087493881
84,-7.294342167911931
85,-7.36685379389607
86,-7.415264322390273
87,-7.493864352773304
88,-7.570586534425684
89,-7.634921052847012
90,-7.688299844944638
91,-7.766677834285117
92,-7.826006040763882
93,-7.890047894849257
94,-7.962441293294447
95,-8.00652849427421
96,-8.093077871084654
97,-8.159566509159182
98,-8.232718212943901
99,-8.296220142059767
100,-8.36975037039806
101,-8.436963957121016
102,-8.487083475701342
103,-8.570968452351922
104,-8.636642285074672
105,-8.694854655499048
106,-8.768938704498984
107,-8.841653671803572
108,-8.904765151349947
109,-8.96460113273356
110,-9.040360575352057
111,-9.102373192195117
112,-9.168448989559472
113,-9.23841374646625
114,-9.292230541805628
115,-9.371547311446228
116,-9.435494564993325
117,-9.503599951191616
118,-9.571488951440715
119,-9.640938121641177
120,-9.709725273355705
121,-9.76473966764175
122,-9.843535822583712
123,-9.909000727699231
124,-9.970284164710506
125,-10.0426150178537
126,-10.113014026483736
127,-10.17760387174623
128,-10.23855151957228
129,-10.313549387991989
130,-10.376306065745702
131,-10.44174522969304
132,-10.511854669140583
133,-10.571957024599062
134,-10.644934940788723
135,-10.710198265329769
136,-10.779008014851577
137,-10.845628251405063
138,-10.913606016148394
139,-10.982422016393425
140,-11.041503310577749
141,-11.11586549834219
142,-11.182084078377178
143,-11.245790105523419
144,-11.315904051311245
145,-11.384990523689035
146,-11.451115516059819
147,-11.513348214131817
148,-11.586398676261293
149,-11.650434602388744
150,-11.715657517196021
151,-11.785743917690503
152,-11.849189812183155
153,-11.919003202531885
154,-11.98425893307095
155,-12.053833818985721
156,-12.119489802493185
157,-12.18681253271123
158,-12.255833773105659
159,-12.317632863526832
160,-12.38926126040437
161,-12.455529856165699
162,-12.521105524396674
163,-12.589618737402523
164,-12.65782311853588
165,-12.724702932539133
166,-12.788255024291102
167,-12.85958075015545
168,-12.924611548723865
169,-12.99035644377868
170,-13.059584769480661
171,-13.124708986163345
172,-13.193214097039842
173,-13.258665927398335
174,-13.327906353688133
175,-13.393693916458309
176,-13.460660078139357
177,-13.529463571879106
178,-13.593108345167739
179,-13.662982188105321
180,-13.729342634468585
181,-13.795870892487534
182,-13.863538970851309
183,-13.93121491013722
184,-13.9985057394473
185,-14.063005758515786
186,-14.133053105416991
187,-14.198734296145522
188,-14.264924669991657
189,-14.333423936149915
190,-14.399444183318579
191,-14.467304493904905
192,-14.533078813367487
193,-14.601920674466786
194,-14.667924528719476
195,-14.734767224200436
196,-14.803204167437066
197,-14.86807934634761
198,-14.93683501109396
199,-15.003342697659718
200,-15.070364808948959
201,-15.137561689734676
202,-15.20493519648732
203,-15.272414881914992
204,-15.337621893763131
205,-15.406708770688482
206,-15.472859019869246
207,-15.539372545009003
208,-15.607345269714203
209,-15.673848149534852
210,-15.741398733145962
211,-15.807435679326328
212,-15.875903654667344
213,-15.94212900990567
214,-16.008958316268973
215,-16.077056966231336
216,-16.142730026252558
217,-16.210812505021355
218,-16.277426415101903
219,-16.344697011052073
220,-16.411655746060163
221,-16.478855202618604
222,-16.546375817287455
223,-16.612119634909
224,-16.680524663909985
225,-16.746989230782813
226,-16.81374880278944
227,-16.881338378690916
228,-16.948096147587755
229,-17.015503182527784
230,-17.081760561169894
231,-17.149878420760317
232,-17.216324231353813
233,-17.283188846718353
234,-17.350990679152712
235,-17.417178264339647
236,-17.484865013732943
237,-17.55155926174052
238,-17.618917865370005
239,-17.685789543471127
240,-17.75289578327973
241,-17.820378291648467
242,-17.88651709886106
243,-17.95445938352847
244,-18.021123725090295
245,-18.088048055048535
246,-18.15538653476397
247,-18.222279081604448
248,-18.289607797218146
249,-18.356051280538626
250,-18.423881379508266
251,-18.490506341343025
252,-18.55742124566217
253,-18.6249853875084
254,-18.691501458760673
255,-18.75895549919891
256,-18.825717547515325
257,-18.893079949970247
258,-18.959940993092275
259,-19.027002275566353
260,-19.094413476970338
261,-19.160837304175985
262,-19.228471690601
263,-19.295263620647887
264,-19.36228737599063
265,-19.429474482480373
266,-19.496439039234527
267,-19.56371469186054
268,-19.630309082044615
269,-19.697917767829846
270,-19.764676041240577
271,-19.831638424332045
272,-19.899027396516235
273,-19.9657506996581
274,-20.03306710408016
275,-20.099886102690927
276,-20.16721491778458
277,-20.23409858579687
278,-20.301141376369102
279,-20.36847491795269
280,-20.43510152223481
281,-20.50253451205164
282,-20.569407977301847
283,-20.63648701552905
284,-20.703588542603793
285,-20.770591811869053
286,-20.837825518154688
287,-20.9045395521862
288,-20.971983547859104
289,-21.03883720379335
290,-21.105838102832728
291,-21.173104056465185
292,-21.23995689917271
293,-21.307190374035258
294,-21.374057389071616
295,-21.441339298744996
296,-21.50825676151258
297,-21.575295038930893
298,-21.642557901574
299,-21.70932646498275
300,-21.77662947583169
301,-21.8435555488062
302,-21.910661005517053
303,-21.977718584565704
304,-22.044743106353476
305,-22.111940969356695
306,-22.178748104242363
307,-22.246073284673066
308,-22.312992784179617
309,-22.380022020413367
310,-22.447205199302918
311,-22.514138285503027
312,-22.581319923014767
313,-22.648227572856918
314,-22.71546214767766
315,-22.78241316482811
316,-22.849453612769878
317,-22.91665814023945
318,-22.983524506686603
319,-23.050744129848407
320,-23.117705261529494
321,-23.184819426415096
322,-23.251857783439306
323,-23.318894524374567
324,-23.38606147618529
325,-23.452939550099824
326,-23.52018100988013
327,-23.58714490888804
328,-23.65419329308757
329,-23.72132313101294
330,-23.788305520108935
331,-23.855453172508536
332,-23.922394813339555
333,-23.989587630872254
334,-24.056567194062218
335,-24.123612301672637
336,-24.190771767614297
337,-24.2577045253762
338,-24.324870645875524
339,-24.39185615312048
340,-24.45896917979984
341,-24.526001829141627
342,-24.593046057040905
343,-24.660187005547268
344,-24.727118053751685
345,-24.79430150810135
346,-24.861295050160635
347,-24.92835531283085
348,-24.995452179181292
349,-25.062464684022245
350,-25.129588945333296
351,-25.196558500025247
352,-25.2637170910765
353,-25.330719056681257
354,-25.397769137772578
355,-25.464895463616305
356,-25.531872673848625
357,-25.59900427520653
358,-25.666007469239858
359,-25.733114559197414
360,-25.80014818488505
361,-25.86719733752473
362,-25.934317131270927
363,-26.001287005164656
364,-26.068430777338005
365,-26.13544410583783
366,-26.2025109679503
367,-26.26958834744126
368,-26.33661919299583
369,-26.40372667580812
370,-26.47071869296107
371,-26.53785053289327
372,-26.604869224841874
373,-26.671923602156102
374,-26.73902650199848
375,-26.806033102084086
376,-26.873142184376533
377,-26.940158688968626
378,-27.007258083481624
379,-27.074295462181723
380,-27.14134806229127
381,-27.20845121409572
382,-27.27544904768987
383,-27.342565914342334
384,-27.409592573752
385,-27.476662460837076
386,-27.543728933579306
387,-27.610770957333283
388,-27.67786605646506
389,-27.744875773314263
390,-27.811987397699006
391,-27.879018181831025
392,-27.946075839723203
393,-28.013162742418444
394,-28.080188557960465
395,-28.147282719072845
396,-28.214309491145563
397,-28.281401134492434
398,-28.348442965614133
399,-28.415498073793724
400,-28.482588540302974
401,-28.54960618300357
402,-28.61670490313722
403,-28.683740705251893
404,-28.750811369174272
405,-28.81787217268615
406,-28.8849210446028
407,-28.952006867351706
408,-29.019030246115342
409,-29.086126968738295
410,-29.15316632424444
411,-29.22022625058229
412,-29.28730257111727
413,-29.354340831962457
414,-29.421424924555133
415,-29.488459711964847
416,-29.55554439224325
417,-29.62259039089181
418,-29.689647345774997
419,-29.756728418123362
420,-29.823759888236154
421,-29.89084639352114
422,-29.95788861158098
423,-30.02495876209037
424,-30.09201695115839
425,-30.159070058423232
426,-30.22614890746927
427,-30.293182627981466
428,-30.360268570323637
429,-30.427313940395262
430,-30.49437528021737
431,-30.56144481406039
432,-30.628491075023273
433,-30.69556824542894
434,-30.76260930111296
435,-30.82968813244908
436,-30.896737636977928
437,-30.96379593850046
438,-31.030870235153294
439,-31.097911228687032
440,-31.16498950330817
441,-31.232036334005784
442,-31.299105328744186
443,-31.366162590080943
444,-31.433218350574933
445,-31.500291979425636
446,-31.56733338819111
447,-31.63441164256263
448,-31.70146122326789
449,-31.768523325028365
450,-31.835588643929643
451,-31.90264001980575
452,-31.969712349414788
453,-32.0367582815282
454,-32.10383241559242
455,-32.17088469717974
456,-32.23794395513115
457,-32.30501348282884
458,-32.37206095767893
459,-32.43913366570448
460,-32.50618388524001
461,-32.57325149230249
462,-32.64030868942098
463,-32.70736613581139
464,-32.77443589318643
465,-32.841482923457335
466,-32.90855575338039
467,-32.9756082935296
468,-33.04267070033685
469,-33.10973349307938
470,-33.17678812847621
471,-33.24385702577154
472,-33.310906715257815
473,-33.3779771968759
474,-33.44503159781587
475,-33.512091507412194
476,-33.57915775385116
477,-33.64620959125519
478,-33.71327850893038
479,-33.780331255022666
480,-33.84739747711263
481,-33.91445499390686
482,-33.981513518133596
483,-34.04858043030847
484,-34.11563149765054
485,-34.182700515515585
486,-34.24975513799762
487,-34.31681753756903
488,-34.383878859926554
489,-34.4509355472517
490,-34.51800196262748
491,-34.585054455564
492,-34.65212202634857
493,-34.71917782159197
494,-34.78623790852136
495,-34.85330164855199
496,-34.92035605797778
497,-34.98742199880818
498,-35.05447621254555
499,-35.12154062295701
500,-35.18859790466016
501,-35.25565636506881
