sigma,max_score,x_idx,y_idx,stds
0.01,60.000000000000014,1081,1602,1.3486991523486091e-06
0.13022044088176354,60.000000000000014,1035,1604,1.3486991523486091e-06
0.2504408817635271,60.000000000000014,1035,1593,1.3486991523486091e-06
0.3706613226452906,60.00000000000003,1003,1602,1.7841612752790171e-06
0.49088176352705415,59.99999999999998,1034,1604,9.5367431640625e-07
0.6111022044088177,59.99999999756837,933,1601,0.00031187191584319075
0.7313226452905812,59.99999818120718,933,1601,0.008529569946507318
0.8515430861723448,59.99989390569865,933,1601,0.06515041862722219
0.9717635270541083,59.998447462856525,934,1601,0.24923251834710514
1.0919839679358718,59.989948458200175,956,1603,0.6340036581131813
1.2122044088176354,59.96104750546264,956,1603,1.247630748537691
1.332424849699399,59.892150256899555,956,1603,2.0742126603936
1.4526452905811624,59.763089158517296,956,1603,3.0692518702408784
1.572865731462926,59.55862840611674,956,1603,4.178523309861358
1.6930861723446895,59.27113254123772,956,1603,5.35009078045455
1.813306613226453,58.90042713985091,956,1603,6.5401822982682125
1.9335270541082166,58.45209464542917,957,1603,7.714959290829845
2.05374749498998,57.935403817171576,957,1603,8.850014993472135
2.1739679358717434,57.36122175692833,957,1603,9.92937577995152
2.2941883767535067,56.741428106483,976,1604,10.94187364042023
2.4144088176352705,56.08737467014424,976,1604,11.88261064652969
2.5346292585170342,55.40857286430683,977,1604,12.750530731403808
2.6548496993987976,54.7137602288738,977,1604,13.546428741741632
2.775070140280561,54.010351284063965,978,1604,14.272736975229984
2.8952905811623246,53.30451827133611,979,1604,14.93290397647437
3.0155110220440884,52.60130377993047,980,1604,15.530949531285923
3.1357314629258517,51.90474111364596,981,1604,16.07117322352575
3.255951903807615,51.218043614382395,983,1604,16.557854181344936
3.3761723446893788,50.54368638560011,986,1604,16.995231010297367
3.4963927855711425,49.88356801414408,989,1604,17.387425667606536
3.616613226452906,49.2390861981869,993,1604,17.738278037578816
3.736833667334669,48.611141927293296,997,1604,18.05156295987771
3.857054108216433,48.00005846413717,998,1604,18.330831653810247
3.9772745490981967,47.40601055643034,998,1604,18.579195031001937
4.09749498997996,46.828991631855565,998,1604,18.799574392663146
4.217715430861723,46.26880317157123,998,1604,18.994647661241682
4.337935871743487,45.72509186651053,998,1604,19.166872340882737
4.458156312625251,45.19738227742218,998,1604,19.31849885476395
4.578376753507014,44.68510516555901,998,1604,19.451583826476654
4.698597194388777,44.18762214700944,998,1604,19.56800295285472
4.818817635270541,43.7042471277558,998,1604,19.6694633156749
4.939038076152305,43.2342648414487,998,1604,19.75751509331938
5.059258517034069,42.77694672857993,998,1604,19.833562690044246
5.179478957915832,42.33156435186656,998,1604,19.89887532185265
5.299699398797595,41.89740052566459,998,1604,19.95459709964029
5.419919839679359,41.4737583361641,998,1604,20.00175664258134
5.540140280561122,41.059968235432535,998,1604,20.04127624403413
5.660360721442886,40.65539340009589,998,1604,20.07398060212295
5.7805811623246495,40.25943355085096,998,1604,20.100605119293327
5.900801603206413,39.871540638629995,997,1604,20.119486707615813
6.021022044088177,39.4912658646849,997,1604,20.1355103008376
6.14124248496994,39.11806026030481,997,1604,20.147183858125747
6.261462925851704,38.751483723280856,997,1604,20.15496202269236
6.381683366733467,38.39113519294737,997,1604,20.159245194604157
6.50190380761523,38.03665114051785,997,1604,20.16038516098857
6.622124248496994,37.687703699870525,997,1604,20.158690301636828
6.742344689378758,37.34399854632151,997,1604,20.15443038053735
6.8625651302605215,37.00527261461595,997,1604,20.1478409366244
6.982785571142285,36.671291732067104,997,1604,20.139127289458184
7.103006012024048,36.34184822876598,997,1604,20.128468177587536
7.223226452905812,36.016758574236896,997,1604,20.116019048939215
7.343446893787576,35.69586107887581,997,1604,20.101915023735486
7.4636673346693385,35.379013688978695,997,1604,20.086273551170645
7.583887775551102,35.06609189606558,997,1604,20.069196781419578
7.704108216432866,34.75719050387939,996,1604,20.043775370946815
7.82432865731463,34.452033669142715,996,1604,20.02370363560885
7.9445490981963935,34.150523683934644,996,1604,20.00243850962207
8.064769539078156,33.852586808390384,996,1604,19.980040782509846
8.184989979959921,33.55815846318842,996,1604,19.956564141209608
8.305210420841684,33.2671819643199,996,1604,19.93205627363482
8.425430861723447,32.97960738406961,996,1604,19.906559825929858
8.545651302605211,32.69539053138779,996,1604,19.88011322887229
8.665871743486974,32.41467662466581,996,1605,19.843303748186305
8.786092184368737,32.137488343944945,996,1605,19.814881805965168
8.906312625250502,31.863541874771286,996,1605,19.78561945943595
9.026533066132265,31.5928784923427,995,1605,19.74581859433226
9.146753507014028,31.325600839216328,995,1605,19.714670761176396
9.266973947895792,31.061483689317537,995,1605,19.68277243868306
9.387194388777555,30.800501963169882,995,1605,19.650147182970183
9.50741482965932,30.542631634322476,995,1605,19.616817647023662
9.627635270541083,30.28784943564386,995,1605,19.582805755921594
9.747855711422845,30.036383076220865,995,1606,19.535992008506188
9.86807615230461,29.78817469132947,995,1606,19.500628522816058
9.988296593186373,29.542971150427814,995,1606,19.464655773810275
10.108517034068138,29.30075051915275,995,1606,19.42809343429748
10.2287374749499,29.06153874060789,994,1606,19.379580065846298
10.348957915831663,28.82550125085651,994,1606,19.34170682978381
10.469178356713428,28.592448423179192,994,1607,19.289596957976947
10.58939879759519,28.362686458340733,994,1607,19.250728238201887
10.709619238476954,28.135773302520974,994,1607,19.211383575929908
10.829839679358718,27.91168578400187,994,1607,19.171580689473267
10.950060120240481,27.69040041570041,994,1607,19.131337118215942
11.070280561122244,27.471894801866117,994,1608,19.075819112723114
11.190501002004009,27.256608311354793,994,1608,19.03482998608947
11.310721442885772,27.04403465156213,993,1608,18.98122335675191
11.430941883767536,26.834425083939554,993,1608,18.93936500272718
11.5511623246493,26.627473664930037,993,1608,18.897164845051353
11.671382765531062,26.42337915052376,993,1609,18.839060890519953
11.791603206412827,26.222112862095468,993,1609,18.7963529007278
11.91182364729459,26.023412359190647,993,1609,18.753353003345357
12.032044088176354,25.827253171459027,993,1609,18.710075874663623
12.152264529058117,25.633843004880895,993,1610,18.650347304216513
12.27248496993988,25.443120775065264,993,1610,18.606720746658347
12.392705410821645,25.25500410650131,992,1610,18.55016426853318
12.512925851703407,25.06941726263836,992,1610,18.506023967760918
12.63314629258517,24.886582696614767,992,1611,18.445121904378038
12.753366733466935,24.70616952012877,992,1611,18.400785014499
12.873587174348698,24.528086907202752,992,1611,18.356275820750344
12.99380761523046,24.35251947226179,992,1612,18.294601412960592
13.114028056112225,24.17942579869268,992,1612,18.249992175645886
13.234248496993988,24.0085762360306,992,1612,18.205246512460956
13.354468937875753,23.840250522835134,991,1613,18.13023497911416
13.474689378757516,23.67444778503095,991,1613,18.085448833994008
13.594909819639279,23.5107993616457,991,1613,18.04056449723436
13.715130260521043,23.349426944097548,991,1614,17.978063415712175
13.835350701402806,23.190393334417244,991,1614,17.93325310968945
13.95557114228457,23.03343418497237,991,1614,17.888374166820164
14.075791583166334,22.878744435479128,991,1615,17.825771165611563
14.196012024048096,22.7262594403294,990,1615,17.76824256501156
14.316232464929861,22.57596388779523,990,1615,17.723460730193764
14.436452905811624,22.427939600586868,990,1616,17.660956938128457
14.556673346693387,22.28190508872814,990,1616,17.616388163671047
14.676893787575152,22.137895200113526,990,1617,17.5538573498756
14.797114228456914,21.996012039623334,990,1617,17.509542604207706
14.917334669338677,21.855996206587253,990,1617,17.465230713310337
15.037555110220442,21.718111730008456,990,1618,17.403050638793275
15.157775551102205,21.58226807287651,989,1618,17.346381104317285
15.27799599198397,21.448381678788184,989,1619,17.284406412519473
15.398216432865732,21.31644309595511,989,1619,17.24075915187373
15.518436873747495,21.186297858996948,989,1620,17.179029238552022
15.63865731462926,21.058135673959505,989,1620,17.135760515384323
15.758877755511023,20.931673666253754,989,1620,17.092545401020423
15.879098196392787,20.807173441717797,989,1621,17.031484792980837
15.99931863727455,20.68449569521285,988,1621,16.976207505742423
16.119539078156315,20.563692886283558,988,1622,16.915592145490464
16.239759519038078,20.444574309090825,988,1622,16.87327311429225
16.359979959919844,20.32722555484399,988,1623,16.813116188488728
16.480200400801607,20.21153815385063,988,1623,16.771274573814022
16.60042084168337,20.09756712234026,988,1624,16.71163156962735
16.720641282565133,19.985219007144323,988,1624,16.670291326384753
16.840861723446896,19.874681398609404,987,1625,16.598968096852346
16.96108216432866,19.776694921706337,793,414,15.079944111169238
17.081302605210425,19.682261360220306,793,413,15.028933966472307
17.201523046092188,19.5893729886872,792,413,14.97290831042391
17.32174348697395,19.49788182838118,792,413,14.931674504816035
17.441963927855713,19.407684768601573,792,413,14.890691825786078
17.562184368737476,19.318929448485772,791,412,14.826865815564778
17.682404809619243,19.23158871990425,791,412,14.786699686970296
17.802625250501006,19.1454875715465,791,412,14.746793289410794
17.92284569138277,19.060686056422902,790,412,14.693082556346445
18.04306613226453,18.977314882179538,790,411,14.645169535702223
18.163286573146294,18.89513400510793,790,411,14.60636760620142
18.283507014028057,18.814223890397475,789,411,14.553925864562254
18.403727454909824,18.734583241200696,789,411,14.51579281368949
18.523947895791586,18.65612958717765,789,410,14.469541092154
18.64416833667335,18.57895111745801,788,410,14.418406230488026
18.764388777555112,18.502946549878,788,410,14.381414567539386
18.884609218436875,18.428029826674106,788,410,14.3447039264204
19.00482965931864,18.354376606179198,787,409,14.286625236926698
19.125050100200404,18.281840887288645,787,409,14.25079097448215
19.245270541082167,18.210342887804078,787,409,14.215241506769207
19.36549098196393,18.140039006021418,786,409,14.16668866884051
19.485711422845693,18.070781836771886,786,408,14.124000974481294
19.60593186372746,18.002585654513076,785,408,14.07640854684864
19.726152304609222,17.935500581881726,785,408,14.042448897459536
19.846372745490985,17.869372568073018,785,408,14.00877901442351
19.966593186372748,17.80425838625665,784,407,13.954905185397676
20.08681362725451,17.740212469728068,784,407,13.922123773752144
20.207034068136277,17.677076291561683,784,407,13.889632528689717
20.32725450901804,17.61497298800463,783,407,13.844705993285151
20.447474949899803,17.55378441195674,783,407,13.81292662769383
20.567695390781566,17.493462694558513,783,407,13.781438984723506
20.68791583166333,17.43416762109563,782,406,13.730909570661009
20.80813627254509,17.37571660281337,782,406,13.700304304451054
20.928356713426858,17.318167559452096,781,406,13.657638139810889
21.04857715430862,17.261503072851696,781,406,13.627740786344622
21.168797595190384,17.205631146612955,781,406,13.598132534160102
21.289018036072147,17.15065813045209,780,406,13.55673965264861
21.40923847695391,17.096483597619958,780,406,13.527835881382353
21.529458917835676,17.043074273065372,779,406,13.487296000121068
21.64967935871744,16.99053799463551,779,406,13.45909286499622
21.7698997995992,16.93872595782976,779,406,13.4311753826078
21.890120240480964,16.887688398008713,778,406,13.391895327633824
22.010340681362727,16.837428924541697,778,406,13.364671266505795
22.13056112224449,16.787855142393163,778,406,13.337729622668133
22.250781563126257,16.73906619534777,777,406,13.299696164880256
22.37100200400802,16.69096163868394,777,406,13.273438742080215
22.491222444889782,16.64353497092158,776,406,13.23623703415882
22.611442885771545,16.596844587576754,776,406,13.21065636113749
22.731663326653308,16.550776726776817,776,406,13.185350488594949
22.851883767535075,16.505403696389678,775,406,13.149366906063666
22.972104208416837,16.46067095928621,775,406,13.124725710221417
23.0923246492986,16.416540254483255,774,406,13.089553228949548
23.212545090180363,16.373090550584504,774,406,13.065567475748272
23.332765531062126,16.330222570847443,774,407,13.045692463553916
23.452985971943892,16.287976659703,773,407,13.011597238732023
23.573206412825655,16.246338217881668,773,407,12.988387945510656
23.693426853707418,16.205231028537685,773,407,12.965439281627726
23.81364729458918,16.164757304205057,772,408,12.935729756918398
23.933867735470944,16.124836155489522,772,408,12.913287759735837
24.05408817635271,16.0854512185407,771,408,12.88102670169028
24.174308617234473,16.046633109560823,771,409,12.861945043870904
24.294529058116236,16.008337481804336,771,409,12.840258930641191
24.414749498998,15.970591223586371,770,409,12.809025830952244
24.534969939879762,15.933357517986218,770,410,12.790229211601043
24.655190380761525,15.896624110562309,769,410,12.759653313141865
24.77541082164329,15.860419996285058,769,411,12.741016722254075
24.895631262525054,15.824687753583785,769,411,12.720561239630218
25.015851703406817,15.78946830522952,768,412,12.692624173880468
25.13607214428858,15.75472527265004,768,412,12.672651476691652
25.256292585170343,15.720445062704245,767,413,12.645052477884652
25.37651302605211,15.686653892954684,767,413,12.62555670982263
25.496733466933872,15.653295039835509,767,414,12.60733051783557
25.616953907815635,15.620422722544284,766,415,12.580126943496477
25.737174348697398,15.587982352958381,766,415,12.561242586890469
25.85739478957916,15.55599589704439,765,416,12.534392000827898
25.977615230460923,15.524427334629559,765,417,12.516362546237614
26.09783567134269,15.493295873892768,764,417,12.489475673496335
26.218056112224453,15.462602337052468,764,418,12.471656448519692
26.338276553106216,15.43229877275684,763,419,12.445355429319317
26.45849699398798,15.402429448584773,763,420,12.427571745924963
26.57871743486974,15.372936592990548,762,420,12.401830077917372
26.698937875751508,15.343890849014715,762,421,12.38426913711369
26.81915831663327,15.315196943713975,762,422,12.366682562695473
26.939378757515033,15.286931150926664,761,423,12.341050589067413
27.059599198396796,15.25901014800343,760,424,12.315561621048671
27.17981963927856,15.231503544461564,760,425,12.298138937121557
27.300040080160326,15.204339161661128,759,426,12.272892022963092
27.42026052104209,15.177569959661966,759,427,12.255559427002465
27.54048096192385,15.151144531270802,758,428,12.230564865915358
27.660701402805614,15.125090564725411,758,429,12.213334398545129
27.780921843687377,15.099385365461018,757,430,12.188601106650141
27.901142284569143,15.074024123487547,757,431,12.171483488937882
28.021362725450906,15.049019557525195,756,432,12.14701909670228
28.14158316633267,15.02433105419941,755,433,12.12271726353477
28.261803607214432,15.000004099747324,755,434,12.10583477524474
28.382024048096195,14.975987377969455,754,435,12.081810852654838
28.502244488977958,14.952295370397225,754,436,12.06506185399286
28.622464929859724,14.928946119389632,753,438,12.038761677870404
28.742685370741487,14.905898394351388,752,439,12.01509573901937
28.86290581162325,14.88315613695001,752,440,11.99849680719252
28.983126252505013,14.860729944853322,751,441,11.975123952218663
29.103346693386776,14.838608771791696,750,443,11.948914835168951
29.223567134268542,14.816773650113527,749,444,11.925805890424748
29.343787575150305,14.795242419373158,749,445,11.90950827835855
29.464008016032068,14.774002893611735,748,447,11.88336344620176
29.58422845691383,14.753045485576086,747,448,11.860657471826348
29.704448897795594,14.732359466574405,746,450,11.834577846985896
29.824669338677356,14.711956463506867,746,451,11.81852124322972
29.944889779559123,14.691832791830484,745,452,11.796231531756316
30.065110220440886,14.67197552445018,744,454,11.770285642318663
30.18533066132265,14.652377602240254,743,455,11.748291274384984
30.30555110220441,14.633042485089332,742,457,11.72245658293071
30.425771543086174,14.61395334403644,741,458,11.700763321785422
30.54599198396794,14.59512706518906,740,460,11.675056290684521
30.666212424849704,14.576537020683865,739,462,11.649361959439467
30.786432865731467,14.558196310343511,738,463,11.628103880026925
30.90665330661323,14.540093287784778,737,465,11.60256152392737
31.026873747494992,14.522216553926457,736,467,11.577047724493776
31.14709418837676,14.50458218024374,735,468,11.556237194093805
31.26731462925852,14.487167544074193,734,470,11.530895541909736
31.387535070140284,14.469967586701927,733,472,11.505595993666084
31.507755511022047,14.452995171087442,732,473,11.485241250936548
31.62797595190381,14.43623023957681,731,475,11.460130371606258
31.748196392785577,14.419667216720503,730,477,11.435073096784002
31.86841683366734,14.403311172118148,729,478,11.41517885365279
31.988637274549102,14.38715478726326,728,480,11.390323584683493
32.108857715430865,14.371186817009011,727,482,11.365531622964305
32.229078156312625,14.355411133964092,725,484,11.33565310193957
32.34929859719439,14.339821941868497,724,486,11.311062960654748
32.46951903807615,14.324407724659007,723,488,11.286546285315934
32.58973947895792,14.309173599589919,722,489,11.26759727077922
32.70995991983968,14.294107992303058,721,491,11.243304456801592
32.83018036072144,14.279203174797575,720,493,11.21909166130348
32.95040080160321,14.264465239561659,718,495,11.19014870905989
33.07062124248497,14.24988249759514,717,497,11.16616550490582
33.190841683366735,14.235446429128938,716,499,11.142269282939052
33.311062124248494,14.221152544543623,715,501,11.118462248272037
33.43128256513026,14.207008101110102,713,503,11.090161294433456
33.55150300601203,14.192997641102775,712,505,11.066598551225002
33.671723446893786,14.179117656351746,711,506,11.049075633987075
33.79194388777555,14.165369502993585,710,508,11.025753587876427
33.91216432865731,14.151740905660048,709,510,11.002527480351073
34.03238476953908,14.138227772690763,708,512,10.979398868657857
34.152605210420845,14.124826101898279,707,514,10.956369217963285
34.272825651302604,14.111539070348677,705,516,10.929229104655178
34.39304609218437,14.098355833065689,704,518,10.906457190643671
34.51326653306613,14.085273063316581,704,519,10.894112076696725
34.633486973947896,14.072287990964522,703,521,10.871530428502439
34.75370741482966,14.059399263143842,701,523,10.84504286306984
34.87392785571142,14.046599671380802,700,525,10.82272260566544
34.99414829659319,14.033887235195216,700,526,10.810750189122595
35.11436873747495,14.021261342718857,699,528,10.788622923473454
35.234589178356714,14.008714946273152,698,530,10.766601763686655
35.35480961923848,13.996245069187406,697,532,10.744687591678408
35.47503006012024,13.98385032362188,696,533,10.729316783829985
35.595250501002006,13.971533340214519,696,535,10.711324014178958
35.715470941883765,13.959287120125412,695,537,10.689715116850847
35.83569138276553,13.94711386531552,694,538,10.674721590835077
35.9559118236473,13.935005197726015,693,540,10.653358227883105
36.07613226452906,13.92296395632705,693,541,10.642142144803916
36.196352705410824,13.910989534254277,692,543,10.620976976735331
36.31657314629258,13.899074490086752,692,545,10.603333629929766
36.43679358717435,13.887227246325814,691,546,10.58894541579851
36.55701402805611,13.875439406251978,691,548,10.571421999628225
36.677234468937876,13.863709906428983,690,549,10.557264867845198
36.79745490981964,13.852047395294235,690,551,10.539864894628415
36.9176753507014,13.840436106075567,690,552,10.52915665671364
37.03789579158317,13.828890929864569,689,554,10.508663351972391
37.15811623246493,13.81739663366581,689,555,10.498107984822989
37.27833667334669,13.80596306609478,688,557,10.477818301061857
37.39855711422846,13.794584487961396,688,559,10.460704874405215
37.51877755511022,13.783267943063171,688,560,10.450361824361083
37.638997995991986,13.772001497237284,688,561,10.440082466907741
37.759218436873745,13.760796526410568,687,563,10.420164627358456
37.87943887775551,13.749643345674214,687,565,10.403284889080826
37.99965931863728,13.738552219176539,687,566,10.393221986822539
38.11987975951904,13.727510623145193,687,567,10.383223155752594
38.2401002004008,13.71652736411831,687,569,10.366510258082734
38.36032064128256,13.705599456728024,686,571,10.347053927176718
38.48054108216433,13.694730639832905,686,572,10.337274926428183
38.600761523046096,13.683913740639365,686,574,10.320756799560439
38.720981963927855,13.673157635893192,686,575,10.31110821697613
38.84120240480962,13.662451134188279,686,577,10.29470660608521
38.96142284569138,13.651807757465194,686,578,10.285189974139193
39.08164328657315,13.641213222880449,686,580,10.268909322768238
39.20186372745491,13.630682419337356,686,581,10.259526001220966
39.32208416833667,13.620201178168228,686,583,10.243370480999058
39.44230460921844,13.609782627748304,686,584,10.234121664817208
39.5625250501002,13.599415767774806,686,586,10.21809518566119
39.682745490981965,13.589108991254037,686,587,10.208981912927165
39.80296593186373,13.57885736743905,686,589,10.193088133252559
39.92318637274549,13.56866173293222,686,590,10.184111293049895
40.04340681362726,13.558525973890399,686,592,10.168353629977284
40.16362725450902,13.548442736001165,686,594,10.15266204479117
40.28384769539078,13.538421218873886,686,595,10.143895609776623
40.40406813627255,13.528454834120012,686,597,10.128345606325066
40.52428857715431,13.518547000660345,687,598,10.12201145588341
40.644509018036075,13.508696043208493,687,600,10.106578576485859
40.764729458917834,13.498903332149643,687,601,10.098071058808932
40.8849498997996,13.489169980398344,687,603,10.082786132219269
41.00517034068136,13.47949141260849,687,605,10.067575642727185
41.12539078156313,13.469868260013975,687,606,10.059283812642672
41.24561122244489,13.460307029568662,687,608,10.044225468250584
41.36583166332665,13.45080098104024,687,610,10.029244643898698
41.48605210420842,13.441355622610125,688,611,10.023280781125017
41.60627254509018,13.4319679080681,688,613,10.008432154342744
41.726492985971944,13.422635874414638,688,615,9.993664283780584
41.84671342685371,13.413359649726662,688,617,9.978978292871517
41.96693386773547,13.404142263397953,689,618,9.973208668651107
42.08715430861724,13.394984860337557,689,620,9.958661920841452
42.207374749498996,13.385883309663976,689,622,9.944199854699217
42.32759519038076,13.376837597859192,689,624,9.92982345320786
42.44781563126253,13.367848999458385,689,625,9.922312833654912
42.56803607214429,13.358920104082072,690,627,9.910026795115842
42.688256513026055,13.350048034979457,690,629,9.895883696127395
42.808476953907814,13.341231308551533,690,631,9.881829532477926
42.92869739478958,13.332469756905363,690,633,9.867865131367447
43.04891783567135,13.32376595275403,691,634,9.862572316969002
43.169138276553106,13.315120376181223,691,636,9.848759421466594
43.28935871743487,13.306529189352721,691,638,9.835038275832513
43.40957915831663,13.297992118850146,691,640,9.821409598965552
43.5297995991984,13.289509751955066,692,642,9.809652562247427
43.650020040080165,13.281086354060923,692,644,9.796193310666645
43.770240480961924,13.272716266125016,692,646,9.782828808146494
43.89046092184369,13.26439911258518,692,648,9.769559667501802
44.01068136272545,13.256138505010515,693,649,9.764727003465287
44.130901803607216,13.24793161727641,693,651,9.751617641746758
44.251122244488975,13.239776420804017,693,654,9.732007959245811
44.37134268537074,13.231677092914193,694,655,9.727356950859042
44.49156312625251,13.223631064292446,694,657,9.714523762858974
44.61178356713427,13.215635329710942,694,659,9.701789107613068
44.732004008016034,13.2076915310076,695,661,9.690775049135674
44.85222444889779,13.199802700785932,695,663,9.678223868375433
44.97244488977956,13.191962681922943,695,665,9.665772779837587
45.092665330661326,13.18417260456986,695,668,9.646948805915587
45.212885771543085,13.176436023847941,696,669,9.64273656966995
45.33310621242485,13.168748090727275,696,672,9.624139072445805
45.45332665330661,13.161109445173695,696,674,9.6121003213596
45.57354709418838,13.153519404488799,697,676,9.601684038552174
45.693767535070144,13.145980895886561,697,678,9.589837437937987
45.8139879759519,13.138487248919096,697,680,9.578094267912766
45.93420841683367,13.131042339108996,698,682,9.567936450118651
46.05442885771543,13.123645321889198,698,684,9.556388179781516
46.174649298597195,13.116291244963305,698,686,9.544944358593852
46.29486973947896,13.108986992746694,699,688,9.535050468644728
46.41509018036072,13.101726626394845,699,691,9.517572152685837
46.53531062124249,13.094510843904885,699,693,9.506457023805082
46.65553106212425,13.087340435810217,700,695,9.496855289506303
46.77575150300601,13.08021378914147,700,697,9.485940498603108
46.89597194388778,13.073126753954808,701,699,9.476518191376526
47.01619238476954,13.06608660334711,701,701,9.465805158305278
47.136412825651306,13.059086182514111,701,704,9.449124937468612
47.256633266533065,13.05212536466469,702,706,9.440005928996845
47.37685370741483,13.045209874010801,702,708,9.42963221489508
47.4970741482966,13.038329728680983,702,710,9.419366443420666
47.61729458917836,13.031491062863982,703,712,9.410530013730362
47.73751503006012,13.024690961986778,703,715,9.39453927328737
47.85773547094188,13.017927033225813,703,717,9.38461803603211
47.97795591182365,13.011203919958541,704,719,9.376095797350375
48.098176352705416,13.004513933517094,704,721,9.366382401103685
48.218396793587175,12.997861363437387,705,723,9.358050751774853
48.33861723446894,12.991245464573922,705,726,9.342769438119
48.4588376753507,12.98466086104119,705,728,9.333406241882852
48.57905811623247,12.97811457581067,706,730,9.325396966498234
48.699278557114226,12.971597411737047,706,733,9.310567141200877
48.81949899799599,12.965114970635053,707,735,9.302783617971253
48.93971943887776,12.958665744111492,707,737,9.293875268391119
49.05993987975952,12.952245269325312,708,739,9.28628836262064
49.180160320641285,12.945857095896708,708,741,9.277592409250467
49.300380761523044,12.939496174788873,709,743,9.270203307570894
49.42060120240481,12.933168356112288,709,746,9.25624570539458
49.54082164328658,12.926865649433156,709,748,9.24790827912599
49.661042084168336,12.920593917568327,710,750,9.24085411311102
49.7812625250501,12.91434514614188,710,752,9.23273085095241
49.90148296593186,12.908126818306847,711,754,9.225877596035739
50.02170340681363,12.90193270026023,711,757,9.212673896675893
50.141923847695395,12.895764757772383,712,759,9.20605715530294
50.262144288577154,12.889619556240614,712,761,9.198399623658299
50.38236472945892,12.883500272570583,713,763,9.19198614193203
50.50258517034068,12.877400812427162,713,766,9.179399597800874
50.62280561122245,12.871327810092795,714,767,9.178334972517465
50.74302605210421,12.865274043197557,714,770,9.166037350423641
50.86324649298597,12.859244329491148,715,772,9.160069055495526
50.98346693386774,12.85323168229894,716,774,9.154201714038303
51.1036873747495,12.847243514900722,716,776,9.147334673322591
51.223907815631264,12.841271677058248,717,778,9.141673698466711
51.34412825651303,12.83531987608361,717,780,9.135023620019993
51.46434869739479,12.829386670992207,718,782,9.129569570170535
51.58456913827656,12.823468698255557,718,784,9.123136513997332
51.704789579158316,12.817571981166635,719,786,9.117889881237875
51.82501002004008,12.811689113222819,720,788,9.112745617155536
51.94523046092184,12.805822983223292,720,790,9.106635053704345
52.06545090180361,12.799973575487265,721,792,9.101698936083386
52.185671342685374,12.794136745237575,722,794,9.09686568928811
52.305891783567134,12.788317087819285,722,796,9.091077719886954
52.4261122244489,12.78251075060588,723,798,9.086453182793797
52.54633266533066,12.776715745499514,724,800,9.081931929305233
52.666553106212426,12.770937277755339,724,802,9.076466419096105
52.78677354709419,12.765169851476168,725,804,9.072154264766004
52.90699398797595,12.759412660352632,726,805,9.072328141517794
53.02721442885772,12.753670048667374,726,808,9.062802279794816
53.14743486973948,12.747938505361766,727,809,9.063105501351906
53.267655310621244,12.742217056480328,728,811,9.059169796662728
53.38787575150301,12.736504530003229,728,813,9.05430763898369
53.50809619238477,12.730805130108072,729,815,9.050580984203222
53.628316633266536,12.725113498448694,730,817,9.046958116606685
53.748537074148295,12.7194312730084,731,818,9.047550462706022
53.86875751503006,12.713756817438675,732,820,9.044094416284505
53.98897795591183,12.708093313586906,732,822,9.039722044683648
54.10919839679359,12.702436589941314,733,824,9.036474590741488
54.229418837675354,12.696788105802359,734,825,9.037290245907597
54.34963927855711,12.691145981755774,735,827,9.034208904469116
54.46985971943888,12.685510377320705,735,829,9.030218415809944
54.590080160320646,12.679883474443553,736,830,9.031192874991898
54.710300601202405,12.674263429012777,737,832,9.028381220370717
54.83052104208417,12.668647619764645,738,834,9.025672809411885
54.95074148296593,12.66303889239788,739,835,9.02680307073963
55.0709619238477,12.657434028887476,740,837,9.024259221793741
55.191182364729464,12.651834944431007,741,838,9.025482678340081
55.31140280561122,12.646241437856737,741,840,9.022099172558727
55.43162324649299,12.640652108322119,742,842,9.01982208905334
55.55184368737475,12.635068597204786,743,843,9.021199828744688
55.672064128256515,12.629487120484683,744,845,9.01908551931413
55.79228456913828,12.623911086991546,745,846,9.020554471790593
55.91250501002004,12.61833668832966,746,847,9.022054115933628
56.03272545090181,12.612766980954792,747,849,9.020161470261232
56.15294589178357,12.607198944530461,748,850,9.021751085491411
56.27316633266533,12.601634310623211,749,852,9.020019093652248
56.39338677354709,12.59607180701672,750,853,9.02169778978224
56.51360721442886,12.590511061707613,751,855,9.020125511740368
56.633827655310625,12.584953238210398,752,856,9.021892360563847
56.754048096192385,12.57939687313252,752,858,9.019484582631804
56.87426853707415,12.573842745521251,753,859,9.02133969175165
56.99448897795591,12.568288726007898,754,860,9.023223596793084
57.11470941883768,12.56273641093985,755,862,9.022024574496832
57.23492985971944,12.557184802206002,756,863,9.02399417600483
57.3551503006012,12.551632780660626,757,864,9.025991901077715
57.47537074148297,12.54608176659832,758,866,9.025005255395543
57.59559118236473,12.540530829016376,759,867,9.02708713900859
57.715811623246495,12.534978927694038,760,868,9.0291964477304
57.83603206412826,12.529426520596353,761,870,9.028419476100487
57.95625250501002,12.523874314846305,762,871,9.030611335928548
58.07647294589179,12.518320563966869,763,872,9.032829897020694
58.196693386773546,12.51276509401024,764,873,9.035074936849508
58.31691382765531,12.507208463898962,765,875,9.034559176584938
58.43713426853708,12.501650800469159,766,876,9.036884566681103
58.55735470941884,12.49609079598996,767,877,9.03923568091644
58.677575150300605,12.490528263254594,768,878,9.041612288905831
58.797795591182364,12.484963011831608,769,879,9.044014158732308
58.91801603206413,12.479395733750726,770,881,9.043807096190148
59.0382364729459,12.47382604927057,772,882,9.04726946609923
59.158456913827656,12.468253551505995,773,883,9.049772238430693
59.27867735470942,12.462677472215885,774,884,9.05229923622363
59.39889779559118,12.457097603660081,775,885,9.054850219069547
59.51911823647295,12.451513735094265,776,886,9.057424945272974
59.63933867735471,12.445925652816344,777,887,9.060023171893182
59.759559118236474,12.440333140215214,778,888,9.062644654786547
59.87977955911824,12.434736477280802,779,890,9.06288989039323
60.0,12.429135154014768,780,891,9.065584125072194
