state,target,point
0,0.0,[ 63 267]
1,0.0,[ 63 267]
2,2.0,[510 366]
3,1.0,[474 357]
4,4.0,[123 432]
5,1.0,[471 357]
6,6.0,[ 78 300]
7,3.0,[117 300]
8,8.0,[432 477]
9,1.0,[474 357]
10,10.0,[513 234]
11,3.0,[120 300]
12,12.0,[300 522]
13,9.0,[408 153]
14,14.0,[120 168]
15,7.0,[153 192]
16,16.0,[231  90]
17,9.0,[408 153]
18,18.0,[432 120]
19,3.0,[123 321]
20,20.0,[231 510]
21,19.0,[129 243]
22,22.0,[300  78]
23,19.0,[138 228]
24,24.0,[480 171]
25,17.0,[126 354]
26,26.0,[366 513]
27,19.0,[129 246]
28,28.0,[369  90]
29,13.0,[357 474]
30,30.0,[168 480]
31,15.0,[192 447]
32,32.0,[171 120]
33,17.0,[126 354]
34,34.0,[ 90 372]
35,19.0,[126 261]
36,36.0,[480 429]
37,5.0,[474 243]
38,38.0,[ 87 234]
39,7.0,[153 198]
40,40.0,[522 300]
41,9.0,[408 153]
42,10.0,[249 474]
43,11.0,[300 120]
44,12.0,[450 192]
45,13.0,[357 474]
46,14.0,[357 126]
47,15.0,[195 444]
48,16.0,[195 144]
49,17.0,[126 357]
50,18.0,[450 408]
51,19.0,[126 243]
52,20.0,[486 300]
53,13.0,[357 474]
54,14.0,[357 126]
55,15.0,[195 447]
56,16.0,[189 147]
57,17.0,[126 357]
58,18.0,[450 408]
59,19.0,[129 243]
60,20.0,[489 300]
61,50.0,[300 300]
62,30.0,[258 429]
63,50.0,[300 297]
64,48.0,[225 186]
65,50.0,[300 300]
66,42.0,[342 171]
67,51.0,[168 342]
68,60.0,[438 300]
69,57.0,[168 258]
70,54.0,[411 381]
71,39.0,[342 432]
72,60.0,[438 300]
73,57.0,[171 255]
74,42.0,[342 171]
75,51.0,[168 342]
76,60.0,[438 300]
77,57.0,[168 255]
78,54.0,[411 381]
79,57.0,[168 255]
80,60.0,[438 300]
81,57.0,[171 255]
82,50.0,[300 300]
83,51.0,[168 342]
84,50.0,[300 300]
85,50.0,[300 300]
86,54.0,[411 381]
87,51.0,[168 342]
88,48.0,[222 189]
89,57.0,[171 258]
90,54.0,[411 381]
91,51.0,[171 342]
92,60.0,[438 300]
93,57.0,[171 258]
94,54.0,[411 381]
95,57.0,[171 258]
96,60.0,[438 300]
97,57.0,[171 258]
98,60.0,[438 300]
99,57.0,[171 255]
100,60.0,[438 300]
101,57.0,[171 255]
102,60.0,[438 297]
103,57.0,[171 258]
104,60.0,[438 300]
105,57.0,[171 255]
106,60.0,[438 300]
107,57.0,[171 255]
108,57.0,[171 258]
109,60.0,[438 300]
110,54.0,[411 381]
111,60.0,[438 300]
112,60.0,[438 300]
113,57.0,[171 255]
114,60.0,[438 300]
115,57.0,[171 258]
116,57.0,[171 258]
117,60.0,[438 300]
118,60.0,[438 300]
119,60.0,[438 300]
120,60.0,[438 300]
121,50.0,[300 300]
122,50.0,[300 300]
123,50.0,[300 300]
124,60.0,[438 297]
125,50.0,[300 300]
126,60.0,[438 300]
127,57.0,[171 255]
128,60.0,[438 300]
129,60.0,[438 300]
130,60.0,[438 300]
131,57.0,[171 258]
132,60.0,[438 300]
133,60.0,[438 300]
134,60.0,[438 300]
135,60.0,[438 300]
136,60.0,[438 300]
137,60.0,[438 300]
138,60.0,[438 300]
139,57.0,[171 255]
140,60.0,[438 300]
141,50.0,[300 300]
142,60.0,[438 300]
143,50.0,[300 300]
144,60.0,[438 297]
145,50.0,[300 300]
146,57.0,[171 255]
147,60.0,[438 300]
148,60.0,[438 300]
149,60.0,[438 300]
150,60.0,[438 300]
151,60.0,[438 300]
152,60.0,[438 300]
153,60.0,[438 300]
154,60.0,[438 300]
155,60.0,[438 300]
156,60.0,[438 300]
157,60.0,[438 300]
158,60.0,[438 300]
159,60.0,[438 300]
160,60.0,[438 300]
161,60.0,[438 300]
162,60.0,[438 300]
163,60.0,[438 300]
164,60.0,[438 300]
165,60.0,[438 297]
166,60.0,[438 300]
167,60.0,[438 300]
168,60.0,[438 300]
169,60.0,[438 300]
170,60.0,[438 300]
171,60.0,[438 300]
172,60.0,[438 300]
173,60.0,[438 300]
174,60.0,[438 300]
175,60.0,[438 300]
176,60.0,[438 300]
177,60.0,[438 300]
178,60.0,[438 300]
179,60.0,[438 300]
180,60.0,[438 300]
181,60.0,[438 300]
182,60.0,[438 300]
183,60.0,[438 300]
184,60.0,[438 300]
185,60.0,[438 297]
186,60.0,[438 300]
187,60.0,[438 300]
188,60.0,[438 300]
189,60.0,[438 300]
190,60.0,[438 300]
191,60.0,[438 300]
192,60.0,[438 300]
193,60.0,[438 300]
194,60.0,[438 300]
195,60.0,[438 300]
196,60.0,[438 300]
197,60.0,[438 300]
198,60.0,[438 300]
199,60.0,[438 300]
200,60.0,[438 300]
201,60.0,[438 300]
202,60.0,[438 300]
203,60.0,[438 300]
204,60.0,[438 300]
205,60.0,[438 297]
206,60.0,[438 300]
207,60.0,[438 300]
208,60.0,[438 300]
209,60.0,[438 300]
210,60.0,[438 300]
211,60.0,[438 300]
212,60.0,[438 300]
213,60.0,[438 300]
214,60.0,[438 300]
215,60.0,[438 300]
216,60.0,[438 300]
217,60.0,[438 300]
218,60.0,[438 300]
219,60.0,[438 300]
220,60.0,[438 300]
221,60.0,[438 300]
222,60.0,[438 300]
223,60.0,[438 300]
224,60.0,[438 300]
225,60.0,[438 297]
226,60.0,[438 300]
227,60.0,[438 300]
228,60.0,[438 300]
229,60.0,[438 300]
230,60.0,[438 300]
231,60.0,[438 300]
232,60.0,[438 300]
233,60.0,[438 300]
234,60.0,[438 300]
235,60.0,[438 300]
236,60.0,[438 300]
237,60.0,[438 300]
238,60.0,[438 300]
239,60.0,[438 300]
240,60.0,[438 300]
241,60.0,[438 300]
242,60.0,[438 300]
243,60.0,[438 300]
244,60.0,[438 300]
245,60.0,[438 297]
246,60.0,[438 300]
247,60.0,[438 300]
248,60.0,[438 300]
249,60.0,[438 300]
250,60.0,[438 300]
251,60.0,[438 300]
252,60.0,[438 300]
253,60.0,[438 300]
254,60.0,[438 300]
255,60.0,[438 300]
256,60.0,[438 300]
257,60.0,[438 300]
258,60.0,[438 300]
259,60.0,[438 300]
260,60.0,[438 300]
261,60.0,[438 300]
262,60.0,[438 300]
263,60.0,[438 300]
264,60.0,[438 300]
265,60.0,[438 297]
266,60.0,[438 300]
267,60.0,[438 300]
268,60.0,[438 300]
269,60.0,[438 300]
270,60.0,[438 300]
271,60.0,[438 300]
272,60.0,[438 300]
273,60.0,[438 300]
274,60.0,[438 300]
275,60.0,[438 300]
276,60.0,[438 300]
277,60.0,[438 300]
278,60.0,[438 300]
279,60.0,[438 300]
280,60.0,[438 300]
281,60.0,[438 300]
282,60.0,[438 300]
283,60.0,[438 300]
284,60.0,[438 300]
285,60.0,[438 297]
286,60.0,[438 300]
287,60.0,[438 300]
288,60.0,[438 300]
289,60.0,[438 300]
290,60.0,[438 300]
291,60.0,[438 300]
292,60.0,[438 300]
293,60.0,[438 300]
294,60.0,[438 300]
295,60.0,[438 300]
296,60.0,[438 300]
297,60.0,[438 300]
298,60.0,[438 300]
299,60.0,[438 300]
300,60.0,[438 300]
301,60.0,[438 300]
302,60.0,[438 300]
303,60.0,[438 300]
304,60.0,[438 300]
305,60.0,[438 297]
306,60.0,[438 300]
307,60.0,[438 300]
308,60.0,[438 300]
309,60.0,[438 300]
310,60.0,[438 300]
311,60.0,[438 300]
312,60.0,[438 300]
313,60.0,[438 300]
314,60.0,[438 300]
315,60.0,[438 300]
316,60.0,[438 300]
317,60.0,[438 300]
318,60.0,[438 300]
319,60.0,[438 300]
320,60.0,[438 300]
321,60.0,[438 300]
322,60.0,[438 300]
323,60.0,[438 300]
324,60.0,[438 300]
325,60.0,[438 300]
326,60.0,[438 300]
327,60.0,[438 300]
328,60.0,[438 300]
329,60.0,[438 300]
330,60.0,[438 300]
331,60.0,[438 300]
332,60.0,[438 300]
333,60.0,[438 300]
334,60.0,[438 300]
335,60.0,[438 300]
336,60.0,[438 300]
337,60.0,[438 300]
338,60.0,[438 300]
339,60.0,[438 300]
340,60.0,[438 300]
341,60.0,[438 300]
342,60.0,[438 300]
343,60.0,[438 300]
344,60.0,[438 300]
345,60.0,[438 300]
346,60.0,[438 300]
347,60.0,[438 300]
348,60.0,[438 300]
349,60.0,[438 300]
350,60.0,[438 300]
351,60.0,[438 300]
352,60.0,[438 300]
353,60.0,[438 300]
354,60.0,[438 300]
355,60.0,[438 300]
356,60.0,[438 300]
357,60.0,[438 300]
358,60.0,[438 300]
359,60.0,[438 300]
360,60.0,[438 300]
361,60.0,[438 300]
362,60.0,[438 300]
363,60.0,[438 300]
364,60.0,[438 300]
365,60.0,[438 300]
366,60.0,[438 300]
367,60.0,[438 300]
368,60.0,[438 300]
369,60.0,[438 300]
370,60.0,[438 300]
371,60.0,[438 300]
372,60.0,[438 300]
373,60.0,[438 300]
374,60.0,[438 300]
375,60.0,[438 300]
376,60.0,[438 300]
377,60.0,[438 300]
378,60.0,[438 300]
379,60.0,[438 300]
380,60.0,[438 300]
381,60.0,[438 300]
382,60.0,[438 300]
383,60.0,[438 300]
384,60.0,[438 300]
385,60.0,[438 300]
386,60.0,[438 300]
387,60.0,[438 300]
388,60.0,[438 300]
389,60.0,[438 300]
390,60.0,[438 300]
391,60.0,[438 300]
392,60.0,[438 300]
393,60.0,[438 300]
394,60.0,[438 300]
395,60.0,[438 300]
396,60.0,[438 300]
397,60.0,[438 300]
398,60.0,[438 300]
399,60.0,[438 300]
400,60.0,[438 300]
401,60.0,[438 300]
402,60.0,[438 300]
403,60.0,[438 300]
404,60.0,[438 300]
405,60.0,[438 300]
406,60.0,[438 300]
407,60.0,[438 300]
408,60.0,[438 300]
409,60.0,[438 300]
410,60.0,[438 300]
411,60.0,[438 300]
412,60.0,[438 300]
413,60.0,[438 300]
414,60.0,[438 300]
415,60.0,[438 300]
416,60.0,[438 300]
417,60.0,[438 300]
418,60.0,[438 300]
419,60.0,[438 300]
420,60.0,[438 300]
421,60.0,[438 300]
422,60.0,[438 300]
423,60.0,[438 300]
424,60.0,[438 300]
425,60.0,[438 300]
426,60.0,[438 300]
427,60.0,[438 300]
428,60.0,[438 300]
429,60.0,[438 300]
430,60.0,[438 300]
431,60.0,[438 300]
432,60.0,[438 300]
433,60.0,[438 300]
434,60.0,[438 300]
435,60.0,[438 300]
436,60.0,[438 300]
437,60.0,[438 300]
438,60.0,[438 300]
439,60.0,[438 300]
440,60.0,[438 300]
441,60.0,[438 300]
442,60.0,[438 300]
443,60.0,[438 300]
444,60.0,[438 300]
445,60.0,[438 300]
446,60.0,[438 300]
447,60.0,[438 300]
448,60.0,[438 300]
449,60.0,[438 300]
450,60.0,[438 300]
451,60.0,[438 300]
452,60.0,[438 300]
453,60.0,[438 300]
454,60.0,[438 300]
455,60.0,[438 300]
456,60.0,[438 300]
457,60.0,[438 300]
458,60.0,[438 300]
459,60.0,[438 300]
460,60.0,[438 300]
461,60.0,[438 300]
462,60.0,[438 300]
463,60.0,[438 300]
464,60.0,[438 300]
465,60.0,[438 300]
466,60.0,[438 300]
467,60.0,[438 300]
468,60.0,[438 300]
469,60.0,[438 300]
470,60.0,[438 300]
471,60.0,[438 300]
472,60.0,[438 300]
473,60.0,[438 300]
474,60.0,[438 300]
475,60.0,[438 300]
476,60.0,[438 300]
477,60.0,[438 300]
478,60.0,[438 300]
479,60.0,[438 300]
480,60.0,[438 300]
481,60.0,[438 300]
482,60.0,[438 300]
483,60.0,[438 300]
484,60.0,[438 300]
485,60.0,[438 300]
486,60.0,[438 300]
487,60.0,[438 300]
488,60.0,[438 300]
489,60.0,[438 300]
490,60.0,[438 300]
491,60.0,[438 300]
492,60.0,[438 300]
493,60.0,[438 300]
494,60.0,[438 300]
495,60.0,[438 300]
496,60.0,[438 300]
497,60.0,[438 300]
498,60.0,[438 300]
499,60.0,[438 300]
500,60.0,[438 300]
501,60.0,[438 300]
