source,player,model,n,t20_lift_12,t20_lift_23,t20_lift_13,treble_lift_12,dir_corr,mag_corr,switch_rate,p_t20,p_k0,p_k1,p_k2,p_k3
dartsviz_pdc_2017,Peter Wright,OBSERVED,653,4.067104739147753,10.00978665100803,10.593389088012744,0.08946677800310554,0.024615980741269382,0.019343163496397357,0.08499234303215926,0.38795303726391017,0.20214395099540583,0.42725880551301687,0.2879019908116386,0.08269525267993874
dartsviz_pdc_2017,Peter Wright,A gaussian iid,15000,0.02340292749347661,1.1536873002159387,1.3168820853491192,0.02340292749347661,-0.0037432422952833775,-0.0018196211148529466,0.0,0.33026666666666665,0.3038,0.4397333333333333,0.21833333333333332,0.03813333333333333
dartsviz_pdc_2017,Peter Wright,B + aim rule,15000,2.109268925689384,7.614665247907077,2.6591265202206253,-0.725374594257644,-0.00010065293910839276,-0.0039681850425815155,0.1081,0.2132888888888889,0.443,0.41213333333333335,0.13126666666666667,0.0136
dartsviz_pdc_2017,Peter Wright,C + wide tail,15000,5.518595010935156,10.502587020157295,4.46022874006487,0.6726636140196252,0.0013036100129763912,-0.00909225473741874,0.10283333333333333,0.37762222222222225,0.20366666666666666,0.4235333333333333,0.30106666666666665,0.07173333333333333
dartsviz_pdc_2017,Peter Wright,D + shared offset,15000,9.172408063201853,13.3552533466539,7.616358802008527,4.046462682288587,0.007548399005916794,0.007931092929404563,0.10276666666666667,0.37333333333333335,0.22173333333333334,0.4098,0.2882,0.08026666666666667
dartsviz_pdc_2017,Peter Wright,E + shared scale,15000,8.088989930902486,12.450762255703735,6.717586094474997,3.159961051749466,4.0512958402279116e-05,0.013925223388485768,0.10326666666666667,0.38108888888888887,0.20986666666666667,0.4070666666666667,0.30266666666666664,0.0804
dartsviz_pdc_2017,Michael van Gerwen,OBSERVED,542,36.86094069529653,29.854311666863275,29.91081572369916,18.166325835037494,-0.026229738523728445,-0.01790159554460439,0.26845018450184505,0.36162361623616235,0.18450184501845018,0.3284132841328413,0.36162361623616235,0.12546125461254612
dartsviz_pdc_2017,Michael van Gerwen,A gaussian iid,15000,1.2325957125326192,0.8069919778119716,0.8654242979548366,1.2325957125326192,0.005528244963157486,-0.0032815503705267606,0.0,0.4346888888888889,0.18493333333333334,0.4110666666666667,0.319,0.085
dartsviz_pdc_2017,Michael van Gerwen,B + aim rule,15000,10.350602481433318,20.95361967692433,7.836550089609817,0.12093194210689995,0.002244708787271492,-0.002893746619606264,0.3071333333333333,0.24395555555555556,0.2985333333333333,0.4401333333333333,0.22173333333333334,0.0396
dartsviz_pdc_2017,Michael van Gerwen,C + wide tail,15000,16.333140516310657,30.03174940402128,11.60319924640438,1.1109366319974057,0.004134859513782786,-0.008289443204382789,0.25603333333333333,0.39113333333333333,0.1298,0.36993333333333334,0.3695333333333333,0.13073333333333334
dartsviz_pdc_2017,Michael van Gerwen,D + shared offset,15000,21.77396290578468,32.38682763166957,17.110862899381765,7.715334221763337,0.013208816059639788,0.03027379879531726,0.255,0.3983111111111111,0.14973333333333333,0.33826666666666666,0.358,0.154
dartsviz_pdc_2017,Michael van Gerwen,E + shared scale,15000,19.28329809965707,30.52929674875574,14.275654970906619,3.9775004087195143,-0.004745611351302431,0.008919303285964866,0.258,0.39415555555555554,0.13653333333333334,0.3566,0.3654,0.14146666666666666
dartsviz_pdc_2017,Raymond van Barneveld,OBSERVED,404,12.629399585921325,18.81331778727815,5.1606471896327,6.456560079748486,-0.030779395029436277,0.0969030115122513,0.1150990099009901,0.3704620462046205,0.24504950495049505,0.3811881188118812,0.29455445544554454,0.07920792079207921
dartsviz_pdc_2017,Raymond van Barneveld,A gaussian iid,15000,-0.14693769732770923,1.473978243303603,1.2609802417566485,-0.14693769732770923,0.0055661193620747135,-0.006566935305535044,0.0,0.2850666666666667,0.3682,0.43406666666666666,0.17206666666666667,0.025666666666666667
dartsviz_pdc_2017,Raymond van Barneveld,B + aim rule,15000,2.722848478726361,7.539373334998564,2.6267844612585467,-0.03195485193372982,-0.006680858840908498,-0.0030743411776066065,0.14266666666666666,0.1779777777777778,0.5024666666666666,0.3868,0.10126666666666667,0.009466666666666667
dartsviz_pdc_2017,Raymond van Barneveld,C + wide tail,15000,3.2708121825811673,8.494931558468371,2.895975165472142,0.04912667517371072,0.0011126140717594428,-0.0017083131306675561,0.1022,0.3426,0.25046666666666667,0.4371333333333333,0.25993333333333335,0.05246666666666667
dartsviz_pdc_2017,Raymond van Barneveld,D + shared offset,15000,3.909425378256209,8.743514332201151,3.4924627972051034,0.2177700984566211,0.000981477358207587,0.0022588956818398844,0.09873333333333334,0.3456222222222222,0.24813333333333334,0.4321333333333333,0.2652,0.054533333333333336
dartsviz_pdc_2017,Raymond van Barneveld,E + shared scale,15000,3.990405572284911,8.896660036756444,3.929115170443737,0.5109218483583866,-0.005965287213862792,0.007402169119816269,0.10396666666666667,0.3495111111111111,0.24173333333333333,0.43233333333333335,0.2696,0.05633333333333333
dartsviz_pdc_2017,Daryl Gurney,OBSERVED,378,33.49789502377563,41.47058823529412,26.913408244237818,24.369264318381433,0.021712086830576387,0.020916365614939404,0.15343915343915343,0.35008818342151676,0.2777777777777778,0.3492063492063492,0.24338624338624337,0.12962962962962962
dartsviz_pdc_2017,Daryl Gurney,A gaussian iid,15000,-0.009143824272755952,1.6487035483059576,1.804367179577221,-0.009143824272755952,-0.00034762473408462007,-0.00801570599451043,0.0,0.2998,0.34746666666666665,0.43566666666666665,0.18686666666666665,0.03
dartsviz_pdc_2017,Daryl Gurney,B + aim rule,15000,4.586156980707695,11.15802082644385,3.9818640592806402,-0.9093234417276413,-0.003755482937271266,-0.004773033596880396,0.18803333333333333,0.1890888888888889,0.4590666666666667,0.4068,0.12233333333333334,0.0118
dartsviz_pdc_2017,Daryl Gurney,C + wide tail,15000,10.95234791781971,18.33825468628897,8.657357465238945,1.1830181861140654,-0.0006389518112350002,-0.008538829726770733,0.15303333333333333,0.3758,0.1898,0.40973333333333334,0.31826666666666664,0.0822
dartsviz_pdc_2017,Daryl Gurney,D + shared offset,15000,22.514000739310454,28.700444298929124,19.43945266060315,13.515206998270779,0.03351925147547336,0.05338058525711024,0.15373333333333333,0.38384444444444443,0.2378,0.34073333333333333,0.3,0.12146666666666667
dartsviz_pdc_2017,Daryl Gurney,E + shared scale,15000,15.157925018861985,22.206637142581823,13.049019448198745,5.546460328747949,0.0047498119524850045,0.019882315185860235,0.1517,0.38366666666666666,0.2012,0.38533333333333336,0.3122,0.10126666666666667
dartsviz_pdc_2017,Gary Anderson,OBSERVED,347,17.42874930824571,26.630889322553664,18.172385168788047,5.648173768677362,0.0035354545156142444,0.028558830636737618,0.19740634005763688,0.3621517771373679,0.19596541786743515,0.3861671469740634,0.2968299711815562,0.12103746397694524
dartsviz_pdc_2017,Gary Anderson,A gaussian iid,15000,-0.15814922685656874,1.4606225674509532,1.1939120587994234,-0.15814922685656874,0.0014811203024053083,-0.005038658075115364,0.0,0.2994222222222222,0.34713333333333335,0.4362666666666667,0.1878,0.0288
dartsviz_pdc_2017,Gary Anderson,B + aim rule,15000,4.262984376579157,12.565200147651268,4.27343948756016,-0.9153449663868163,-0.003362218683377459,-0.004167390116147144,0.2576333333333333,0.18795555555555554,0.432,0.41786666666666666,0.135,0.015133333333333334
dartsviz_pdc_2017,Gary Anderson,C + wide tail,15000,10.849906469664155,21.746225603089307,7.594902236095158,0.9257721195639501,-0.004544008564492348,-0.009851736024747638,0.22336666666666666,0.36504444444444445,0.17006666666666667,0.4024,0.333,0.09453333333333333
dartsviz_pdc_2017,Gary Anderson,D + shared offset,15000,21.121643026662053,29.531705163130944,16.90393374221243,12.56686828429492,0.010641831311652757,0.02692585281324539,0.22173333333333334,0.37022222222222223,0.2154,0.3393333333333333,0.3154,0.12986666666666666
dartsviz_pdc_2017,Gary Anderson,E + shared scale,15000,19.279247885846484,27.803942158515355,15.4621320438853,10.311922397859252,-0.002897255792488766,0.04937170974905001,0.21986666666666665,0.3705777777777778,0.2036,0.359,0.308,0.1294
dartsviz_pdc_2017,Phil Taylor,OBSERVED,329,0.7598319969453982,8.331424207712868,-6.743031691485301,2.6269568537609755,0.0882843254956836,0.04271129786040993,0.1595744680851064,0.3880445795339412,0.1519756838905775,0.43465045592705165,0.3282674772036474,0.0851063829787234
dartsviz_pdc_2017,Phil Taylor,A gaussian iid,15000,0.15656432011281196,1.3138058055251922,0.6041169498790411,0.15656432011281196,-0.003579573194074753,-0.002199488267962192,0.0,0.35775555555555555,0.268,0.4382,0.24633333333333332,0.047466666666666664
dartsviz_pdc_2017,Phil Taylor,B + aim rule,15000,2.345123606829386,10.455214106589445,2.343272342767502,-0.00016072690077195695,0.004305377061000652,-0.004762519564504025,0.1725,0.3011333333333333,0.26613333333333333,0.43833333333333335,0.24826666666666666,0.047266666666666665
dartsviz_pdc_2017,Phil Taylor,C + wide tail,15000,2.9487539645388194,12.057593118533742,0.7842274650225523,0.8989657008310947,0.007277031152321534,-0.006582028708071969,0.17903333333333332,0.3512888888888889,0.19793333333333332,0.4214,0.3051333333333333,0.07553333333333333
dartsviz_pdc_2017,Phil Taylor,D + shared offset,15000,3.983731025705617,12.82765295760345,2.455406231794688,1.6223476271782167,0.027646723628273855,0.03743450771525348,0.17833333333333334,0.3529333333333333,0.19853333333333334,0.4172666666666667,0.3038,0.0804
dartsviz_pdc_2017,Phil Taylor,E + shared scale,15000,6.259562954428105,14.479089671270179,4.488749221670235,3.999302528258247,0.015675086428197753,0.03348349001269229,0.1787,0.3525333333333333,0.2122,0.4030666666666667,0.29793333333333333,0.0868
dartsviz_pdc_2017,Dave Chisnall,OBSERVED,299,31.780538302277435,28.486964618249534,22.049689440993784,21.325051759834366,0.03302388823216016,-0.028761652262073775,0.1688963210702341,0.40022296544035674,0.20735785953177258,0.3110367892976589,0.35451505016722407,0.12709030100334448
dartsviz_pdc_2017,Dave Chisnall,A gaussian iid,15000,-0.06694491727067264,1.031861183853544,1.2375559752562826,-0.06694491727067264,-0.0050716005497914215,-0.005195759871148794,0.0,0.31806666666666666,0.3202,0.4392666666666667,0.20666666666666667,0.03386666666666667
dartsviz_pdc_2017,Dave Chisnall,B + aim rule,15000,6.137041241029739,13.470285950392597,6.8758438463773714,-0.8658098703046291,0.0012403159900317479,-0.004767865198853582,0.22983333333333333,0.20708888888888888,0.40326666666666666,0.427,0.15026666666666666,0.019466666666666667
dartsviz_pdc_2017,Dave Chisnall,C + wide tail,15000,10.724738222732894,19.0750850074953,8.035107782137723,0.43190074477088003,-0.007894771675741954,-0.003916094583134092,0.21333333333333335,0.31304444444444446,0.23733333333333334,0.43233333333333335,0.2722,0.058133333333333335
dartsviz_pdc_2017,Dave Chisnall,D + shared offset,15000,21.731858131214203,29.162671916091625,18.22291223695046,11.55414244186046,0.010639987181338816,0.030310081481846222,0.20446666666666666,0.35717777777777776,0.24073333333333333,0.3518,0.29746666666666666,0.11
dartsviz_pdc_2017,Dave Chisnall,E + shared scale,15000,23.805628581068717,31.056815490501926,20.515361250981012,13.339550578530707,0.001334705313803904,0.08042004860229492,0.19206666666666666,0.3645555555555556,0.2398,0.35433333333333333,0.28113333333333335,0.12473333333333333
dartsviz_pdc_2017,Gerwyn Price,OBSERVED,279,24.03940886699507,16.262626262626263,11.87192118226601,10.82101806239737,-0.0124787330580253,0.056270822014386074,0.22580645161290322,0.3333333333333333,0.2078853046594982,0.3870967741935484,0.34408602150537637,0.06093189964157706
dartsviz_pdc_2017,Gerwyn Price,A gaussian iid,15000,-1.3130707320848174,1.2652098693008318,0.6964866119795687,-1.3130707320848174,-0.001330949705027135,-0.003738033786155121,6.666666666666667e-05,0.24453333333333332,0.4321333333333333,0.417,0.136,0.014866666666666667
dartsviz_pdc_2017,Gerwyn Price,B + aim rule,15000,4.3453146139936285,11.543855190142088,3.8976862040797866,-0.7781742899202526,-0.006380773752075851,-0.0040314090699259605,0.21506666666666666,0.18526666666666666,0.4557333333333333,0.4076,0.12426666666666666,0.0124
dartsviz_pdc_2017,Gerwyn Price,C + wide tail,15000,9.335983559187216,17.42668513891817,7.269430015968751,0.6944537519822436,-0.00990264356071851,1.3246014585053619e-05,0.18776666666666667,0.33113333333333334,0.22446666666666668,0.42673333333333335,0.2848,0.064
dartsviz_pdc_2017,Gerwyn Price,D + shared offset,15000,13.726222770699215,21.24499979358483,10.851726649772953,5.014600243400419,0.007344823332555709,0.01650569883732492,0.18686666666666665,0.3355111111111111,0.23626666666666668,0.4046,0.2809333333333333,0.0782
dartsviz_pdc_2017,Gerwyn Price,E + shared scale,15000,9.99744901189446,17.671626415946395,6.980649620431656,0.6951574891129242,0.0008216714325082387,0.004549846403571598,0.18993333333333334,0.3310222222222222,0.2228,0.4256666666666667,0.28786666666666666,0.06366666666666666
dartsviz_pdc_2017,James Wade,OBSERVED,272,10.500155327741535,6.9352869352869355,5.020192606399504,1.919850885368124,0.061819493108952045,0.04701065385827896,0.17279411764705882,0.30514705882352944,0.27205882352941174,0.4375,0.2426470588235294,0.04779411764705882
dartsviz_pdc_2017,James Wade,A gaussian iid,15000,-0.19836331089118642,1.4142176890349079,1.0179456616430882,-0.19836331089118642,-0.008365082317307336,-0.007188388014985562,0.0,0.2932,0.3556,0.43653333333333333,0.18053333333333332,0.027333333333333334
dartsviz_pdc_2017,James Wade,B + aim rule,15000,2.3438050219552977,9.907999710606799,4.635959707779383,-0.8498936554012626,-0.0012996797871118416,-0.006645753721926455,0.1839,0.21924444444444444,0.4003333333333333,0.4274,0.15206666666666666,0.0202
dartsviz_pdc_2017,James Wade,C + wide tail,15000,4.629456621311068,13.188892978366662,4.877278000530493,0.030813972936438727,0.0008768363308616885,-0.006649755014568964,0.18073333333333333,0.2896222222222222,0.28246666666666664,0.4408,0.23286666666666667,0.043866666666666665
dartsviz_pdc_2017,James Wade,D + shared offset,15000,4.962938092287655,13.444353434721732,3.250330848331204,0.3386887486660384,3.970464075261947e-05,-0.003935610263885687,0.17953333333333332,0.2921111111111111,0.279,0.43646666666666667,0.2406,0.04393333333333333
dartsviz_pdc_2017,James Wade,E + shared scale,15000,4.911875414015099,11.96339161645398,3.8946506757840975,-0.28815055389800337,0.0028418509128625203,0.004760364493915407,0.17856666666666668,0.2925333333333333,0.2752,0.442,0.24053333333333332,0.04226666666666667
dartsviz_pdc_2017,Mensur Suljovic,OBSERVED,282,14.361702127659576,12.875816993464051,0.5319148936170193,9.042553191489361,0.015116063116104774,0.01723759483887349,0.10460992907801418,0.3546099290780142,0.2624113475177305,0.3546099290780142,0.32269503546099293,0.06028368794326241
dartsviz_pdc_2017,Mensur Suljovic,A gaussian iid,15000,-0.7920394767242489,2.0746084636288935,0.6293366149535851,-0.7920394767242489,-0.0031610143644097218,-0.0036331858164955523,0.0,0.24222222222222223,0.4382,0.4116,0.13553333333333334,0.014666666666666666
dartsviz_pdc_2017,Mensur Suljovic,B + aim rule,15000,1.470150365781428,7.029863868004377,1.8842610601194325,0.3017895597203196,0.000945874907533714,0.00021253929251578094,0.1325,0.2014,0.46126666666666666,0.40213333333333334,0.12333333333333334,0.013266666666666666
dartsviz_pdc_2017,Mensur Suljovic,C + wide tail,15000,1.137779207473738,8.17448953772244,1.6344177554607708,-0.2108626133282998,0.006036649981075398,0.001076172863893564,0.12226666666666666,0.3306,0.25393333333333334,0.4362666666666667,0.2588666666666667,0.05093333333333333
dartsviz_pdc_2017,Mensur Suljovic,D + shared offset,15000,2.586373356456578,8.670924506148802,2.110167460200385,0.5202730174035997,0.01577611240549202,0.009435873860466099,0.12006666666666667,0.3334888888888889,0.25226666666666664,0.431,0.26266666666666666,0.054066666666666666
dartsviz_pdc_2017,Mensur Suljovic,E + shared scale,15000,3.6608236005803487,9.943858628565566,3.3797617383508225,1.7476778768057644,0.005217216613559023,0.012591586933034351,0.12223333333333333,0.34724444444444447,0.24066666666666667,0.4215333333333333,0.27386666666666665,0.06393333333333333
dartsviz_pdc_2017,Simon Whitlock,OBSERVED,275,34.285714285714285,33.25175702811245,35.857142857142854,20.97359174883826,0.08196681862635725,0.043708693840877416,0.2509090909090909,0.3090909090909091,0.31636363636363635,0.27636363636363637,0.3018181818181818,0.10545454545454545
dartsviz_pdc_2017,Simon Whitlock,A gaussian iid,15000,-1.111250145135831,1.6559700837692926,0.48557742094412215,-1.111250145135831,0.0009379433418113555,-0.003829552932782431,0.0,0.2399777777777778,0.4406,0.413,0.13226666666666667,0.014133333333333333
dartsviz_pdc_2017,Simon Whitlock,B + aim rule,15000,6.594751361933131,13.153811523626702,4.798775413024314,0.39620179100251507,-0.004453357828682238,-0.001078521788754079,0.3088,0.14566666666666667,0.5153333333333333,0.37906666666666666,0.09646666666666667,0.009133333333333334
dartsviz_pdc_2017,Simon Whitlock,C + wide tail,15000,10.178306033703185,19.757699503580923,7.019084839858769,-0.057304400977997716,-0.0002032365018261632,-0.009332381644293525,0.27873333333333333,0.26722222222222225,0.28226666666666667,0.437,0.23706666666666668,0.043666666666666666
dartsviz_pdc_2017,Simon Whitlock,D + shared offset,15000,22.077857666303526,29.137079105055797,16.203985453940803,12.917850858336838,0.013233473634633418,0.036629318709300564,0.2782,0.2814,0.32226666666666665,0.3555333333333333,0.2474,0.0748
dartsviz_pdc_2017,Simon Whitlock,E + shared scale,15000,22.10660030896452,29.83779264214047,17.88883402325046,11.813223972154047,0.003547339867468926,0.07034739978176566,0.259,0.3132888888888889,0.273,0.3718,0.2588666666666667,0.09633333333333334
dartsviz_pdc_2017,Michael Smith,OBSERVED,270,30.970766685052396,28.086170134548933,31.784335355763922,11.403750689464974,0.1429820912524604,0.11847064434631974,0.28888888888888886,0.27283950617283953,0.26296296296296295,0.4185185185185185,0.24444444444444444,0.07407407407407407
dartsviz_pdc_2017,Michael Smith,A gaussian iid,15000,0.8068281404155719,0.9073444176647127,0.5714341855926897,0.8068281404155719,0.007249992844280191,0.004745900118360386,0.0,0.4384222222222222,0.1808,0.4093333333333333,0.32366666666666666,0.0862
dartsviz_pdc_2017,Michael Smith,B + aim rule,15000,6.648123516579574,13.070943949017028,5.377197735916744,-0.22165253825156273,-0.0012590693851055035,-0.002831327146056768,0.2771,0.16377777777777777,0.48006666666666664,0.3984,0.11026666666666667,0.011266666666666666
dartsviz_pdc_2017,Michael Smith,C + wide tail,15000,14.246373961546555,22.67706736503839,9.490597758145203,0.4393889207658319,6.25275507824566e-05,-0.0003984831466448632,0.22363333333333332,0.3378888888888889,0.19826666666666667,0.4198,0.30766666666666664,0.07426666666666666
dartsviz_pdc_2017,Michael Smith,D + shared offset,15000,26.011323728055412,31.77837537662178,20.1527897856261,14.812539539200598,0.011436303160279122,0.031110313609086036,0.22723333333333334,0.3330222222222222,0.2708,0.3432,0.28246666666666664,0.10353333333333334
dartsviz_pdc_2017,Michael Smith,E + shared scale,15000,19.6432043971004,28.09607542840318,15.85676587449328,6.515786287937997,-0.007135824830433614,0.032242212339319724,0.21546666666666667,0.35813333333333336,0.20646666666666666,0.3848666666666667,0.30446666666666666,0.1042
dartsviz_pdc_2017,Jelle Klaasen,OBSERVED,263,28.191268191268193,18.46271218767881,14.289674289674286,6.5696465696465705,0.04707597899191156,-0.008745875999098936,0.3745247148288973,0.21292775665399238,0.27756653992395436,0.46387832699619774,0.22433460076045628,0.034220532319391636
dartsviz_pdc_2017,Jelle Klaasen,A gaussian iid,15000,-0.9416806741230133,1.2138593358752892,1.7174576999486046,-0.9416806741230133,0.0031653792185043486,-0.003482183733009931,0.0,0.26644444444444443,0.3970666666666667,0.427,0.15546666666666667,0.020466666666666668
dartsviz_pdc_2017,Jelle Klaasen,B + aim rule,15000,8.243854615225969,16.173392995643237,5.242277382759679,-0.3463479381421525,-0.0003828705526530529,0.00088270593288851,0.38563333333333333,0.15022222222222223,0.46526666666666666,0.4063333333333333,0.11653333333333334,0.011866666666666666
dartsviz_pdc_2017,Jelle Klaasen,C + wide tail,15000,14.646980267116161,24.20015457847483,9.293071446144403,0.813757530811432,-0.001179633541052683,-0.0010650002694975718,0.33573333333333333,0.26453333333333334,0.25033333333333335,0.43466666666666665,0.2612,0.0538
dartsviz_pdc_2017,Jelle Klaasen,D + shared offset,15000,22.513296053310473,30.007451332177876,15.195529543042163,10.804016421306878,-0.0005951317700147578,0.019840986557123644,0.34346666666666664,0.2557111111111111,0.31566666666666665,0.37073333333333336,0.24493333333333334,0.06866666666666667
dartsviz_pdc_2017,Jelle Klaasen,E + shared scale,15000,18.97202849750994,28.15975514732833,13.004517626686177,5.361968499559683,-0.0022927627986159766,0.04060656641666956,0.3370666666666667,0.27064444444444447,0.26566666666666666,0.40673333333333334,0.2594666666666667,0.06813333333333334
dartsviz_pdc_2017,Adrian Lewis,OBSERVED,255,20.42763157894737,27.641165755919854,14.605263157894733,8.552631578947366,-0.014491580155628507,-0.049535155222930845,0.17647058823529413,0.3281045751633987,0.2549019607843137,0.39215686274509803,0.27450980392156865,0.0784313725490196
dartsviz_pdc_2017,Adrian Lewis,A gaussian iid,15000,0.29908067441803965,1.3943090578658612,1.5808319801750736,0.29908067441803965,0.008896998112925322,-0.00252247859635024,0.0,0.3384,0.29433333333333334,0.43746666666666667,0.22686666666666666,0.04133333333333333
dartsviz_pdc_2017,Adrian Lewis,B + aim rule,15000,8.568713587429954,16.949737244575278,7.209454056915854,-0.2025483303054243,0.002388563931344136,-0.0076617551985630585,0.23996666666666666,0.25133333333333335,0.31506666666666666,0.4408,0.20986666666666667,0.03426666666666667
dartsviz_pdc_2017,Adrian Lewis,C + wide tail,15000,11.130120098361768,19.946872032326578,7.602704738733679,0.3668406453649409,-0.004898644750727039,-0.00527230396400159,0.22126666666666667,0.3102,0.23286666666666667,0.43046666666666666,0.27686666666666665,0.0598
dartsviz_pdc_2017,Adrian Lewis,D + shared offset,15000,19.162394950657323,26.594420653571227,15.272169334309726,9.183247899013141,0.0008245681337299671,0.0010958766229794501,0.21863333333333335,0.3198888888888889,0.2614666666666667,0.37966666666666665,0.2727333333333333,0.08613333333333334
dartsviz_pdc_2017,Adrian Lewis,E + shared scale,15000,11.39342231549318,20.607461571726226,8.152611004453835,-0.22947142950168198,-0.006878895486344875,0.0021143074276121433,0.22383333333333333,0.3109777777777778,0.2262,0.435,0.2786666666666667,0.06013333333333333
dartsviz_pdc_2017,Kim Huybrechts,OBSERVED,215,21.96499153020892,35.076210688790276,23.564840956145304,3.8490495012234116,-0.10008339110855158,0.04058903154250346,0.24186046511627907,0.33798449612403103,0.24186046511627907,0.31627906976744186,0.3627906976744186,0.07906976744186046
dartsviz_pdc_2017,Kim Huybrechts,A gaussian iid,15000,-0.26314306055171266,1.0566409465293747,0.8977220295670607,-0.26314306055171266,-0.0017560293457130895,-0.004438602079222791,0.0,0.30922222222222223,0.332,0.4391333333333333,0.19806666666666667,0.0308
dartsviz_pdc_2017,Kim Huybrechts,B + aim rule,15000,11.115071393665483,19.510163134514034,8.574287282303755,0.11210105954834182,0.0024076666318351256,-0.008726011649807774,0.29886666666666667,0.2152,0.3575333333333333,0.4368,0.17886666666666667,0.0268
dartsviz_pdc_2017,Kim Huybrechts,C + wide tail,15000,14.623860182370823,23.95617024386031,10.16641337386018,0.24590171406485006,0.0010424590645231398,-0.002881978125604793,0.26913333333333334,0.28575555555555554,0.248,0.4328,0.2658,0.0534
dartsviz_pdc_2017,Kim Huybrechts,D + shared offset,15000,24.409970229288977,31.121577957121282,17.54923143529565,10.831866066893031,0.010392064207817008,0.03303543023249091,0.26553333333333334,0.2988222222222222,0.282,0.37,0.26753333333333335,0.08046666666666667
dartsviz_pdc_2017,Kim Huybrechts,E + shared scale,15000,18.898806387236885,27.85687543001511,14.427873315806886,4.2124464046905175,-0.013795093382111757,0.05448715366310355,0.26563333333333333,0.2991111111111111,0.2492,0.41186666666666666,0.2677333333333333,0.0712
dartsviz_pdc_2017,Alan Norris,OBSERVED,207,6.517205422314914,15.61213434452871,13.691345151199169,-0.7820646506777884,0.05211941860243363,-0.023942899611882465,0.1280193236714976,0.3252818035426731,0.26570048309178745,0.42995169082125606,0.25120772946859904,0.05314009661835749
dartsviz_pdc_2017,Alan Norris,A gaussian iid,15000,-0.6800520783457498,1.426357999107969,1.7946955968588918,-0.6800520783457498,-0.0004471639486642811,-0.004690494235148958,0.0,0.284,0.37006666666666665,0.43293333333333334,0.17193333333333333,0.025066666666666668
dartsviz_pdc_2017,Alan Norris,B + aim rule,15000,4.039667294417559,10.210643526677615,5.63979260561702,-1.1732614892323912,-0.004775408873093716,-0.011150238990059815,0.14296666666666666,0.22573333333333334,0.403,0.4282,0.14993333333333334,0.018866666666666667
dartsviz_pdc_2017,Alan Norris,C + wide tail,15000,7.8854010578757965,13.767329939448874,6.6276765670917115,0.43178553391146623,-0.0017724609431063957,-0.003889369644416809,0.12516666666666668,0.3459333333333333,0.23066666666666666,0.4312666666666667,0.2783333333333333,0.05973333333333333
dartsviz_pdc_2017,Alan Norris,D + shared offset,15000,12.412851472590425,17.95542132286318,10.539401908484242,4.894731640035083,0.03571949279532285,0.04402201908900197,0.12426666666666666,0.3532222222222222,0.23973333333333333,0.4079333333333333,0.2760666666666667,0.07626666666666666
dartsviz_pdc_2017,Alan Norris,E + shared scale,15000,13.806529283080588,18.902612851660393,11.527824119545132,6.702500459239019,0.021151193289154872,0.04349992234390392,0.12483333333333334,0.3522222222222222,0.25006666666666666,0.3977333333333333,0.2730666666666667,0.07913333333333333
dartsviz_pdc_2017,Rob Cross,OBSERVED,199,30.75268817204301,19.970812752581953,28.43010752688172,15.1505376344086,-0.022439436589700726,-0.04527027027027011,0.24623115577889448,0.31825795644891125,0.24120603015075376,0.3768844221105528,0.2864321608040201,0.09547738693467336
dartsviz_pdc_2017,Rob Cross,A gaussian iid,15000,1.0213766699574245,0.6701095626770182,0.3780237480610793,1.0213766699574245,0.006551617089056635,0.0017176119356337443,0.0,0.4222,0.19646666666666668,0.4172,0.3096,0.07673333333333333
dartsviz_pdc_2017,Rob Cross,B + aim rule,15000,11.781002349832942,21.786346340964112,8.457505470811313,0.5509479746197643,0.007885680522780795,5.789601654787564e-05,0.2935333333333333,0.2634,0.27093333333333336,0.4387333333333333,0.24293333333333333,0.0474
dartsviz_pdc_2017,Rob Cross,C + wide tail,15000,11.57230306473277,21.679602406834345,8.268138260928456,0.5079859441791679,0.007151847845635949,-0.005068816593428518,0.29313333333333336,0.2625111111111111,0.2733333333333333,0.43846666666666667,0.2416,0.0466
dartsviz_pdc_2017,Rob Cross,D + shared offset,15000,15.644237319625937,23.712969655985983,9.709698395986871,4.442620920294793,0.014003653156627478,0.05543232875346499,0.2909333333333333,0.26815555555555554,0.28286666666666666,0.4110666666666667,0.252,0.054066666666666666
dartsviz_pdc_2017,Rob Cross,E + shared scale,15000,18.08728098845606,27.570395089964883,14.179283012315347,6.20231568202999,-0.011446622963735362,0.09121747525158765,0.27786666666666665,0.3032,0.24933333333333332,0.3958,0.2728,0.08206666666666666
