design,k,n,band,sigma_true,sigma_hat,aim_error_mm
best 1,1,100,league,16.0,17.098148514842695,3.0649573680764823
best 1,1,100,league,16.0,16.719008019133533,4.298562316564158
best 1,1,100,league,16.0,17.747851322060317,3.1646952492474325
best 1,1,100,league,16.0,15.972348044616954,7.345684780966802
best 1,1,100,league,16.0,14.94162978222183,4.832761931683258
best 1,1,100,league,16.0,15.699640835091294,3.347442840598489
best 1,1,100,league,16.0,14.359486672044829,1.9563467023683758
best 1,1,100,league,16.0,14.950948143077083,3.219200443605061
best 1,1,100,league,16.0,15.543390442439126,5.693835468998372
best 1,1,100,league,16.0,15.810721802958202,9.812587534630637
best 1,1,100,league,16.0,15.493851254894244,2.2101335914327045
best 1,1,100,league,16.0,15.289086185983477,1.0334622206697603
best 1,1,100,league,16.0,16.03512607241655,7.552241950829732
best 1,1,100,league,16.0,15.821338149162262,6.433261820721273
best 1,1,100,league,16.0,13.69106716282938,2.2239396512892666
best 1,1,100,league,16.0,15.412564375985543,3.5678177397551556
best 1,1,100,league,16.0,15.794464254509219,2.1133423195236185
best 1,1,100,league,16.0,15.90345004264253,2.7161811125101347
best 1,1,100,league,16.0,11.151984510227566,14.07427282875778
best 1,1,100,league,16.0,16.670055098262683,2.5029879217703934
best 1,1,100,league,16.0,16.281452500333753,1.9135096971284995
best 1,1,100,league,16.0,15.986144833776246,2.695320104472846
best 1,1,100,league,16.0,15.777939491671043,0.3608478876825129
best 1,1,100,league,16.0,15.043758731863736,1.54721181282676
best 1,1,100,league,16.0,15.966392019027959,2.9790934472401194
best 1,1,100,league,16.0,10.100987106128702,21.054966833931676
best 1,1,100,league,16.0,18.4652028008626,4.918392989992349
best 1,1,100,league,16.0,14.761781836476185,4.2034338015780515
best 1,1,100,league,16.0,15.25855935743125,1.908541454519785
best 1,1,100,league,16.0,14.652998509407446,3.593502298942345
best 1,1,100,league,16.0,14.618405311022633,3.2665334876656886
best 1,1,100,league,16.0,15.839183579868916,1.3338530043185166
best 1,1,100,league,16.0,17.09739799433911,4.679641577170566
best 1,1,100,league,16.0,15.026526387554862,3.0781878922201917
best 1,1,100,league,16.0,12.01414135388713,8.24779583668736
best 1,1,100,league,16.0,15.874417564471134,1.7014213355973207
best 1,1,100,league,16.0,10.087560837576659,16.34947692939902
best 1,1,100,league,16.0,16.929832022354383,0.7724376969317605
best 1,1,100,league,16.0,15.340525157496721,3.8689596047246075
best 1,1,100,league,16.0,16.553114228028004,2.9719930869082116
best 1,1,100,league,16.0,17.144381038533197,3.828661322456819
best 1,1,100,league,16.0,15.248755068854914,4.217565047853597
best 1,1,100,league,16.0,15.23549897208511,3.1572281266603004
best 1,1,100,league,16.0,14.853063184268231,1.692411138588842
best 1,1,100,league,16.0,13.930794513918006,3.241331654676372
best 1,1,100,league,16.0,17.360103005910766,3.242917663023689
best 1,1,100,league,16.0,15.68801439185111,3.8459759133800753
best 1,1,100,league,16.0,14.624998982686455,7.887549437530861
best 1,1,100,league,16.0,15.031743434213602,2.311836108557141
best 1,1,100,league,16.0,15.946387129699223,4.017734133912317
best 1,1,100,league,16.0,16.407053812583094,11.22797414824214
best 1,1,100,league,16.0,16.50589202035737,3.0488681936149287
best 1,1,100,league,16.0,18.663682211578582,9.315136066134569
best 1,1,100,league,16.0,15.003272333900428,5.745218096884715
best 1,1,100,league,16.0,15.373355203185124,4.085675429456772
best 1,1,100,league,16.0,9.795326280113075,15.181810789551896
best 1,1,100,league,16.0,9.393198486565524,20.886626228614055
best 1,1,100,league,16.0,15.964966843827783,3.1401903311997916
best 1,1,100,league,16.0,15.436246726752707,3.5621073694860756
best 1,1,100,league,16.0,14.919420738627833,4.284169250007976
best 1,1,100,league,16.0,14.5293062029222,2.7378318149596783
best 1,1,100,league,16.0,14.374958530540429,3.456699803188242
best 1,1,100,league,16.0,15.93725488362024,3.8329837788450796
best 1,1,100,league,16.0,16.477815910983544,4.157075388794335
best 1,1,100,league,16.0,16.444919705020645,2.27308971029838
best 1,1,100,league,16.0,13.8784272733154,1.9256822336185038
best 1,1,100,league,16.0,15.679711166885506,2.4958255447115074
best 1,1,100,league,16.0,16.666381743860462,4.901227972992568
best 1,1,100,league,16.0,16.32654820165339,6.1229351305595
best 1,1,100,league,16.0,15.970325605283518,2.10002419262665
best 1,1,100,league,16.0,15.960347857855808,2.23607324675949
best 1,1,100,league,16.0,14.844135729797829,2.588478880908892
best 1,1,100,league,16.0,18.964017872365126,3.380953629434074
best 1,1,100,league,16.0,16.960815025504814,5.702075729283609
best 1,1,100,league,16.0,16.66152720320007,2.702922801911412
best 1,1,100,league,16.0,17.563275624612533,2.6446566525118227
best 1,1,100,league,16.0,15.184235184536218,6.9297393758424795
best 1,1,100,league,16.0,18.023387691341203,1.3908790919038556
best 1,1,100,league,16.0,13.617571188437225,4.020347091484487
best 1,1,100,league,16.0,16.562691168889938,2.811611228353998
best 1,1,100,league,16.0,14.376273813269467,1.6245016989229752
best 1,1,100,league,16.0,16.1952132952246,2.781142781866537
best 1,1,100,league,16.0,16.2023448162076,6.823804132729577
best 1,1,100,league,16.0,14.044420437374097,3.577355062583867
best 1,1,100,league,16.0,16.378381953687196,6.688349766652648
best 1,1,100,league,16.0,16.178046558617396,2.697405325341499
best 1,1,100,league,16.0,13.529041890057742,4.432826483519959
best 1,1,100,league,16.0,15.6494685527213,1.9260715508027508
best 1,1,100,league,16.0,16.84332896275616,3.232377217749886
best 1,1,100,league,16.0,16.65453015133698,8.031665024992511
best 1,1,100,league,16.0,17.71601820332113,2.438174352808157
best 1,1,100,league,16.0,14.964700777233338,2.0018808232861613
best 1,1,100,league,16.0,16.10579356293215,5.445050879941404
best 1,1,100,league,16.0,9.050764806391177,22.325583256086066
best 1,1,100,league,16.0,14.465156889561431,4.345858758447677
best 1,1,100,league,16.0,14.058804097730974,3.3723684453692697
best 1,1,100,league,16.0,13.714671208680889,1.7790126249992515
best 1,1,100,league,16.0,15.791589397363461,2.8320522174003595
best 1,1,100,league,16.0,14.997410096335724,4.529619915407186
best 1,1,100,league,16.0,14.192528168660315,0.47140680382337147
best 1,1,100,league,16.0,14.68415954034159,3.9603586254146506
best 1,1,100,league,16.0,16.526017439513748,5.143195709026543
best 1,1,100,league,16.0,15.74690525099387,2.04262256710124
best 1,1,100,league,16.0,16.52933189911677,3.7748454883907767
best 1,1,100,league,16.0,16.719845697970154,1.8371758120179702
best 1,1,100,league,16.0,16.267409517689906,7.151445041281666
best 1,1,100,league,16.0,14.754148354184862,6.984683732158181
best 1,1,100,league,16.0,14.529511653274996,5.51915179520153
best 1,1,100,league,16.0,17.304563507543385,5.628572506191573
best 1,1,100,league,16.0,15.299053308189324,2.05600552336455
best 1,1,100,league,16.0,14.73938051586359,2.118530785544054
best 1,1,100,league,16.0,15.15334839578791,3.5920178750320404
best 1,1,100,league,16.0,16.0956486515437,1.9443421314739995
best 1,1,100,league,16.0,14.597997607118929,3.4141862506910474
best 1,1,100,league,16.0,16.182901206167944,0.7977337553323255
best 1,1,100,league,16.0,15.797310184920754,2.2507773490441947
best 1,1,100,league,16.0,14.427629455457273,7.820342585330284
best 1,1,100,league,16.0,14.160695066563989,6.398288958070174
best 1,1,100,league,16.0,13.773814158333149,3.735266157532462
best 1,1,100,league,16.0,15.854769954772646,1.898722408503668
best 1,1,100,league,16.0,14.661113248101802,3.7300820953498106
best 1,1,100,league,16.0,16.143534865755274,4.278054718614176
best 1,1,100,league,16.0,18.09848550672119,6.96678943496987
best 1,1,100,league,16.0,16.823806325435278,2.916516357114095
best 1,1,100,league,16.0,14.995658782726283,3.9265114277017448
best 1,1,100,league,16.0,15.274934712512175,8.124612592077076
best 1,1,100,league,16.0,17.484401884477943,4.137404049874269
best 1,1,100,league,16.0,17.259839068146583,3.4200538504699693
best 1,1,100,league,16.0,15.529317846789306,2.1364755487789493
best 1,1,100,league,16.0,15.097848078108015,3.046912766534068
best 1,1,100,league,16.0,17.34592878920368,2.244379892594121
best 1,1,100,league,16.0,15.528300234058772,1.6029559111532348
best 1,1,100,league,16.0,17.91973074303317,2.6234611339632505
best 1,1,100,league,16.0,17.60119965462176,1.2435246965049631
best 1,1,100,league,16.0,16.505645609364468,2.3512341444850002
best 1,1,100,league,16.0,16.970870778991763,3.7194643977036432
best 1,1,100,league,16.0,17.167586009773938,1.2474212025560734
best 1,1,100,league,16.0,16.87861650840082,3.913595564260742
best 1,1,100,league,16.0,16.34867191923601,0.8834557381916553
best 1,1,100,league,16.0,13.61775339954541,8.612805317558923
best 1,1,100,league,16.0,15.20316463451875,6.645524351566036
best 1,1,100,league,16.0,10.916451450454048,18.90576491458304
best 1,1,100,league,16.0,15.831293288788086,1.6253572616449243
best 1,1,100,league,16.0,16.402429154893902,2.778579045480892
best 1,1,100,league,16.0,14.911482024729432,2.662486053594232
best 1,1,100,league,16.0,17.110888086263923,1.1801293206569472
best 1,1,100,league,16.0,14.21691661946482,5.025242658479055
best 1,1,100,league,16.0,15.876174336558206,1.5146212321986567
best 1,1,100,league,16.0,17.171239165092032,1.6639849218452278
best 1,1,100,league,16.0,15.236349586052592,3.9505102375906525
best 1,1,100,league,16.0,16.130434350743673,5.399101624632356
best 1,1,100,league,16.0,15.423328180875044,1.436603192703282
best 1,1,100,league,16.0,18.65262289721034,2.5897920441503897
best 1,1,100,league,16.0,16.770515823602665,3.2983907873640974
best 1,1,100,league,16.0,15.397994992308833,5.795819600663512
best 1,1,100,league,16.0,16.40950342314111,5.628036318496891
best 1,1,100,league,16.0,15.280898968802035,5.618067036629994
best 1,1,100,league,16.0,16.50575219737213,2.1590254340845956
best 1,1,100,league,16.0,16.97844050673324,2.2308416100975683
best 1,1,100,league,16.0,15.841121763995773,4.823516561862756
best 1,1,100,league,16.0,15.681732732343718,4.49437004267498
best 1,1,100,league,16.0,15.024527263122469,1.3662128561591445
best 1,1,100,league,16.0,16.5750652268577,3.8405011560906313
best 1,1,100,league,16.0,16.33780719613725,1.0141894031504632
best 1,1,100,league,16.0,15.420248710078976,3.6715751191057056
best 1,1,100,league,16.0,16.12105528143755,3.432346760007322
best 1,1,100,league,16.0,14.436847105355394,4.026836424905735
best 1,1,100,league,16.0,17.169074325765457,4.024039489849094
best 1,1,100,league,16.0,16.5961857029256,5.378972790883741
best 1,1,100,league,16.0,15.382005364934862,6.416759065911022
best 1,1,100,league,16.0,17.146833003238697,2.0139234291624457
best 1,1,100,league,16.0,14.781158664131036,5.369907033340655
best 1,1,100,league,16.0,15.427880003027763,0.6194507993216523
best 1,1,100,league,16.0,16.748049621434383,0.54363388586536
best 1,1,100,league,16.0,15.715857979873604,1.8197897022119738
best 1,1,100,league,16.0,15.422458987563024,4.889678406197407
best 1,1,100,league,16.0,13.996468124416253,1.955698047892611
best 1,1,100,league,16.0,14.764691222495998,4.45597094066102
best 1,1,100,league,16.0,16.838923944384693,2.842054069924984
best 1,1,100,league,16.0,14.17607998854737,3.354265229825645
best 1,1,100,league,16.0,9.189231478520611,22.195596346680208
best 1,1,100,league,16.0,15.013563579522293,1.0397371329007368
best 1,1,100,league,16.0,15.424527741782102,1.3443766565883786
best 1,1,100,league,16.0,16.21553633027586,1.5022706314813479
best 1,1,100,league,16.0,9.291792399272204,22.03467120901136
best 1,1,100,league,16.0,8.986226006348828,22.304695641257958
best 1,1,100,league,16.0,16.8122263741993,7.004999997027517
best 1,1,100,league,16.0,15.914238583167988,2.774024429515644
best 1,1,100,league,16.0,17.26612132064227,4.415055016761759
best 1,1,100,league,16.0,14.36116682621427,4.885232171373338
best 1,1,100,league,16.0,15.0564713919154,6.955497251619173
best 1,1,100,league,16.0,15.393292871185595,5.208481759615196
best 1,1,100,league,16.0,17.57842303868165,5.13017336749813
best 1,1,100,league,16.0,14.732929348538326,1.9062044524675381
best 1,1,100,league,16.0,15.02223436817923,4.921868498579267
best 1,1,100,league,16.0,15.536247566644663,7.15883985241885
best 1,1,100,league,16.0,16.511693735480094,5.7600051281799765
best 1,1,100,league,16.0,16.868513600863835,7.834598180425538
best 1,1,100,league,16.0,15.489311086418748,4.124866481943789
best 1,1,100,league,16.0,17.29048721580009,2.712215494332285
best 1,1,100,league,16.0,14.835898574228064,2.89991240296188
best 1,1,100,league,16.0,15.290350245095873,3.2651263549238534
best 1,1,100,league,16.0,16.01551471341213,0.9546021318906658
best 1,1,100,league,16.0,15.635446737904367,2.491042706186499
best 1,1,100,league,16.0,16.403141208797297,4.8526550859795865
best 1,1,100,league,16.0,16.318848338547042,3.894603147004009
best 1,1,100,league,16.0,14.476652192354607,4.657060661028002
best 1,1,100,league,16.0,15.887127783442258,4.043757296261153
best 1,1,100,league,16.0,14.26630223225188,7.629439207003463
best 1,1,100,league,16.0,15.376440500483067,2.417362335418344
best 1,1,100,league,16.0,16.075955302068394,2.39157021920529
best 1,1,100,league,16.0,19.044061861786798,1.8712490773678199
best 1,1,100,league,16.0,14.3972639260978,2.4404752971783776
best 1,1,100,league,16.0,17.704382778207577,4.284920345846387
best 1,1,100,league,16.0,17.033346970492374,3.305407697842786
best 1,1,100,league,16.0,16.866601010873495,4.984957503099373
best 1,1,100,league,16.0,14.976942927540293,5.8307694940754
best 1,1,100,league,16.0,15.987309690084624,6.7721461799787726
best 1,1,100,league,16.0,17.315540011664527,1.5465049569056477
best 1,1,100,league,16.0,14.916709857016452,0.7829842816809256
best 1,1,100,league,16.0,10.016868808023897,21.349474070178083
best 1,1,100,league,16.0,17.772789699352654,3.8406708440076143
best 1,1,100,league,16.0,15.478056492424143,5.201885018333298
best 1,1,100,league,16.0,16.132248571767523,3.137517075442485
best 1,1,100,league,16.0,15.451626645033146,2.9883510533620643
best 1,1,100,league,16.0,14.202826086853827,5.3389369106766065
best 1,1,100,league,16.0,14.718456626087539,7.193845086957469
best 1,1,100,league,16.0,15.213642671126484,6.035815120197937
best 1,1,100,league,16.0,16.395769390641025,4.428333211614695
best 1,1,100,league,16.0,15.142600690217042,2.5048961787294513
best 1,1,100,league,16.0,17.098878567009642,5.918640395051444
best 1,1,100,league,16.0,16.382237420267597,6.401978320071331
best 1,1,100,league,16.0,14.282001564515257,4.213243785473971
best 1,1,100,league,16.0,15.405623276832028,2.154482959626772
best 1,1,100,league,16.0,17.53436140338084,2.3318284503405082
best 1,1,100,league,16.0,17.44558992251723,1.5676714987906248
best 1,1,100,league,16.0,17.35927271102349,2.544718391579517
best 1,1,100,league,16.0,15.56323324477099,5.3001195312754685
best 1,1,100,league,16.0,17.263535114932758,6.065775426737527
best 1,1,100,league,16.0,16.092184430785334,1.7662046276568482
best 1,1,100,league,16.0,13.921234601124853,2.277766739745732
best 1,1,100,league,16.0,17.484394331200043,5.852103459999795
best 1,1,100,league,16.0,17.09082982128287,3.9346846562199693
best 1,1,100,league,16.0,14.908942341938294,2.310411675201162
best 1,1,100,league,16.0,13.904588624286752,3.547062931670234
best 1,1,100,league,16.0,16.366833739878455,2.314994063194827
best 1,1,100,league,16.0,16.122085085803974,6.317041550581465
best 1,1,100,league,16.0,15.402638796598964,5.459674914322636
best 1,1,100,league,16.0,16.817146874681796,2.846209422197327
best 1,1,100,league,16.0,14.625954665053692,2.213552524609038
best 1,1,100,league,16.0,15.324230908175668,0.9869382577012399
best 1,1,100,league,16.0,16.97108236452066,7.281158031814413
best 1,1,100,league,16.0,15.79855622448702,1.4526659941070619
best 1,1,100,league,16.0,15.596031344748653,7.11715608222877
best 1,1,100,league,16.0,15.321741936143564,3.0591919651425075
best 1,1,100,league,16.0,15.082925466540901,8.98659769994359
best 1,1,100,league,16.0,15.647352522801516,2.4863553179085693
best 1,1,100,league,16.0,14.98871212522438,2.6813323695829303
best 1,1,100,league,16.0,15.69004508980227,2.21069341314315
best 1,1,100,league,16.0,15.905581510026666,3.021228850080595
best 1,1,100,league,16.0,16.24409129290551,3.7374762706593074
best 1,1,100,league,16.0,13.513995161118642,3.2964472233040207
best 1,1,100,league,16.0,18.64277491548722,3.141796965856372
best 1,1,100,league,16.0,17.190288456722655,3.6607297473524794
best 1,1,100,league,16.0,17.942499864358986,10.684864396484429
best 1,1,100,league,16.0,16.11970553941955,3.8455316638162533
best 1,1,100,league,16.0,16.57450122718956,3.8847533924169353
best 1,1,100,league,16.0,14.871097162223968,6.599092032859039
best 1,1,100,league,16.0,15.564949090002205,2.6497695924825675
best 1,1,100,league,16.0,9.913003050776625,18.842861274250087
best 1,1,100,league,16.0,18.696242620570573,6.144274802367423
best 1,1,100,league,16.0,14.992420032352998,3.449679024367087
best 1,1,100,league,16.0,15.022561044792017,4.599177142595508
best 1,1,100,league,16.0,17.208286918283342,3.106758375967535
best 1,1,100,league,16.0,16.729873883497717,1.4033656171572473
best 1,1,100,league,16.0,8.644781761227724,22.151529371247243
best 1,1,100,league,16.0,13.436951888902668,3.925187320579091
best 1,1,100,league,16.0,15.047093117937939,3.6634937212807253
best 1,1,100,league,16.0,15.509372588953074,1.2777779364375037
best 1,1,100,league,16.0,10.82630167647978,11.662572404198697
best 1,1,100,league,16.0,15.82994958221267,2.6508458121658176
best 1,1,100,league,16.0,16.872762603751774,0.8852590568733602
best 1,1,100,league,16.0,16.488021767033384,1.444766839495392
best 1,1,100,league,16.0,15.49088343663354,1.5634417542025594
best 1,1,100,league,16.0,15.866531088657204,0.6732384186180932
best 1,1,100,league,16.0,13.771605478954104,1.9779410689631651
best 1,1,100,league,16.0,16.850984526293875,5.137362561473164
best 1,1,100,league,16.0,15.970883569633228,3.984101014004973
best 1,1,100,league,16.0,15.743156225255973,2.4229137628229727
best 1,1,100,league,16.0,15.581880175473602,3.5608038495054144
best 1,1,100,league,16.0,15.391079476845968,8.277079749685802
best 1,1,100,league,16.0,16.7538508456984,1.1483320239109087
best 1,1,100,league,16.0,17.09279990859922,3.297622090027586
best 1,1,100,league,16.0,15.671630920850351,1.4427244400689105
best 1,1,100,league,16.0,16.21417580647721,1.9847935968487767
best 1,1,100,league,16.0,15.824835987324672,3.651304995140567
best 1,1,100,league,16.0,14.677261475412601,2.1543211722549223
best 1,1,100,league,16.0,18.69953544840946,2.945780704148556
best 1,1,100,league,16.0,15.253664994684504,2.8551922156579987
best 1,1,100,league,16.0,15.106715883051889,1.9035640700716658
best 2,2,100,league,16.0,16.952580978548383,4.099883040571701
best 2,2,100,league,16.0,14.96051086522826,3.5720734736387656
best 2,2,100,league,16.0,16.320695454394976,3.5146699033389925
best 2,2,100,league,16.0,15.815681279712136,3.265621609508676
best 2,2,100,league,16.0,14.924328661158258,3.955106152326988
best 2,2,100,league,16.0,16.231812442042656,3.3500459534145546
best 2,2,100,league,16.0,17.087127270370512,2.539872021076916
best 2,2,100,league,16.0,17.279723168801695,2.3167178984361674
best 2,2,100,league,16.0,16.708637143507808,2.631903099566857
best 2,2,100,league,16.0,14.983674479121115,0.593341488377577
best 2,2,100,league,16.0,17.392498411124652,2.2029184159980315
best 2,2,100,league,16.0,16.875288811825957,3.006864536107194
best 2,2,100,league,16.0,15.178603270620718,1.830422820007089
best 2,2,100,league,16.0,15.159048676567107,1.5903572260923333
best 2,2,100,league,16.0,15.521272624900313,4.49802781058253
best 2,2,100,league,16.0,14.180602124392808,5.252428954906337
best 2,2,100,league,16.0,14.539901762681236,3.87257381386665
best 2,2,100,league,16.0,13.62144399649706,2.6405944833609
best 2,2,100,league,16.0,15.26176047057833,3.205759444204498
best 2,2,100,league,16.0,16.66652304697768,1.6106100259068066
best 2,2,100,league,16.0,16.706976015407736,2.1541633527107247
best 2,2,100,league,16.0,12.974527206842666,5.9853658248579595
best 2,2,100,league,16.0,14.565326007016452,2.8721008360537765
best 2,2,100,league,16.0,14.692011908957502,3.792415758133601
best 2,2,100,league,16.0,15.689706656523704,4.509006607876754
best 2,2,100,league,16.0,17.918265097634798,4.227413165826833
best 2,2,100,league,16.0,17.30196004266625,2.875376842843294
best 2,2,100,league,16.0,15.761446363348197,0.8281632618483717
best 2,2,100,league,16.0,15.356197301916682,3.446120455041011
best 2,2,100,league,16.0,16.6255102249214,2.8980835819867177
best 2,2,100,league,16.0,17.350997586158122,4.209341071732399
best 2,2,100,league,16.0,16.43246407266823,3.8013482255954596
best 2,2,100,league,16.0,16.096799449598333,1.6171896229923615
best 2,2,100,league,16.0,15.561684920848274,3.5788671102001457
best 2,2,100,league,16.0,14.282009119980243,6.018314247958504
best 2,2,100,league,16.0,15.508819538510553,2.0516084617523616
best 2,2,100,league,16.0,14.052204294701419,3.3249784478151097
best 2,2,100,league,16.0,15.361194343697617,4.470379280262899
best 2,2,100,league,16.0,13.570809508090726,3.2832834714712615
best 2,2,100,league,16.0,16.764509122816733,1.7165682402368856
best 2,2,100,league,16.0,16.773771753296472,2.625757272689213
best 2,2,100,league,16.0,15.46160674378049,4.378153751507879
best 2,2,100,league,16.0,17.215082408212623,3.2549729695116327
best 2,2,100,league,16.0,16.127557952329937,4.7714357075169085
best 2,2,100,league,16.0,14.117641356608281,0.7916805553615197
best 2,2,100,league,16.0,18.208612163154093,2.9431714569657705
best 2,2,100,league,16.0,12.221396349730945,5.815794717425886
best 2,2,100,league,16.0,13.931514637217628,0.15923087157779162
best 2,2,100,league,16.0,12.891660035413926,6.2253773008792
best 2,2,100,league,16.0,15.531418818761612,0.9401348268502888
best 2,2,100,league,16.0,15.840316498060375,7.616149174624125
best 2,2,100,league,16.0,16.82532951845302,1.3258374853281663
best 2,2,100,league,16.0,13.502855937993836,7.55888585306761
best 2,2,100,league,16.0,17.354634771606946,2.242613891675022
best 2,2,100,league,16.0,14.612583626165465,3.5418869266964177
best 2,2,100,league,16.0,15.485736225136225,1.6180009586265558
best 2,2,100,league,16.0,14.439223871640847,2.513028359999903
best 2,2,100,league,16.0,15.302996249955148,3.5179569390517096
best 2,2,100,league,16.0,16.921436749215772,5.795635718951382
best 2,2,100,league,16.0,17.648420607927516,0.6887931312238085
best 2,2,100,league,16.0,15.480579944833252,2.4265048451718068
best 2,2,100,league,16.0,16.708483671660524,5.531470338175856
best 2,2,100,league,16.0,16.467548926153036,1.6207021559439476
best 2,2,100,league,16.0,15.558788470578884,1.6823102080316281
best 2,2,100,league,16.0,15.881049144866111,3.5917189657450876
best 2,2,100,league,16.0,15.126515608902253,4.364243950585823
best 2,2,100,league,16.0,15.996652304078808,3.4547212001384633
best 2,2,100,league,16.0,16.408403303820833,0.9556406437416748
best 2,2,100,league,16.0,14.667006665939631,1.7197850846877225
best 2,2,100,league,16.0,16.060601047702033,2.565807068734085
best 2,2,100,league,16.0,16.04202851189926,1.3571457558294546
best 2,2,100,league,16.0,15.735356640061475,2.6355940507179403
best 2,2,100,league,16.0,14.791588979526495,2.5498478795535995
best 2,2,100,league,16.0,15.107565977122343,4.689287122557376
best 2,2,100,league,16.0,18.224736892844682,3.015526491703073
best 2,2,100,league,16.0,18.498503979188325,3.048576201248158
best 2,2,100,league,16.0,14.977356093849458,4.681093378822193
best 2,2,100,league,16.0,14.262266310084307,4.375720818517456
best 2,2,100,league,16.0,16.343655700236877,1.7074079637691262
best 2,2,100,league,16.0,18.157373484311133,2.8868081852032432
best 2,2,100,league,16.0,15.511532746151484,2.4956605484539667
best 2,2,100,league,16.0,17.408207938669037,2.9632924365344198
best 2,2,100,league,16.0,17.43229222940799,2.9290656246539344
best 2,2,100,league,16.0,16.89189632422656,1.27696130622597
best 2,2,100,league,16.0,17.478235500287177,3.498918029125127
best 2,2,100,league,16.0,17.740895877515996,2.5163564557926827
best 2,2,100,league,16.0,15.725756703353145,2.6360576232960353
best 2,2,100,league,16.0,15.911873127477502,2.041717617927703
best 2,2,100,league,16.0,15.21198437089066,4.648136742563126
best 2,2,100,league,16.0,14.68581706762044,4.942274528894634
best 2,2,100,league,16.0,16.648139879554996,1.856169158018841
best 2,2,100,league,16.0,16.068213545931844,4.36420163973992
best 2,2,100,league,16.0,17.475285460744225,1.728872683642706
best 2,2,100,league,16.0,15.39249420932764,3.5393126577036256
best 2,2,100,league,16.0,14.656345044300712,0.1313045618885224
best 2,2,100,league,16.0,15.633617306966517,8.023758176428867
best 2,2,100,league,16.0,15.312334240849612,1.3691519017525557
best 2,2,100,league,16.0,16.49914207640232,1.5672721674513412
best 2,2,100,league,16.0,17.046300012838618,5.44733889374816
best 2,2,100,league,16.0,13.68615348128459,1.8731947813854646
best 2,2,100,league,16.0,15.221865551457748,3.4436313425392484
best 2,2,100,league,16.0,16.896733614966557,2.692018514448356
best 2,2,100,league,16.0,16.098541634456613,0.6318736186802845
best 2,2,100,league,16.0,16.55397651612969,2.883537985831424
best 2,2,100,league,16.0,16.093617791473605,1.421374119338646
best 2,2,100,league,16.0,15.897175680484192,1.6659870588302628
best 2,2,100,league,16.0,17.65332183363518,5.0307474231146445
best 2,2,100,league,16.0,16.22574996267959,3.5647457612066953
best 2,2,100,league,16.0,15.639135324831356,2.8551304777367386
best 2,2,100,league,16.0,17.124159016288278,5.767046576120605
best 2,2,100,league,16.0,14.309493044936678,0.2432127354436529
best 2,2,100,league,16.0,17.118022413576647,1.9969674191142404
best 2,2,100,league,16.0,15.945411407100567,3.6944671186247966
best 2,2,100,league,16.0,14.955796260870803,5.642275037065486
best 2,2,100,league,16.0,15.670643517004724,3.243870599769145
best 2,2,100,league,16.0,16.8884554704338,2.111400451675411
best 2,2,100,league,16.0,18.384866478137955,8.51504243757525
best 2,2,100,league,16.0,15.033639026449153,0.9500865956455581
best 2,2,100,league,16.0,17.237566295811313,2.5158081770220697
best 2,2,100,league,16.0,14.175678779679945,6.592405336342657
best 2,2,100,league,16.0,15.821155670015598,4.145290829278176
best 2,2,100,league,16.0,16.31213476237304,3.056696382143704
best 2,2,100,league,16.0,17.515914650493528,2.7535026308465675
best 2,2,100,league,16.0,17.264621725120385,5.377938884364133
best 2,2,100,league,16.0,14.006492099823706,0.711182547328308
best 2,2,100,league,16.0,15.892402480767082,0.28879786334603974
best 2,2,100,league,16.0,15.073112786845739,5.318542684965217
best 2,2,100,league,16.0,17.396359324415435,2.538903089850845
best 2,2,100,league,16.0,13.62947109242103,1.5041627961034947
best 2,2,100,league,16.0,14.803789648951984,0.33915134830508126
best 2,2,100,league,16.0,16.722971557258326,4.242009793097303
best 2,2,100,league,16.0,15.329404392537807,0.8509699841547492
best 2,2,100,league,16.0,17.506709252474327,1.6109374734680575
best 2,2,100,league,16.0,16.72951693621065,3.9118497826306355
best 2,2,100,league,16.0,14.404058178062085,4.693256617318176
best 2,2,100,league,16.0,15.164373294900994,1.9501730049700665
best 2,2,100,league,16.0,16.61597665409299,3.797229589127621
best 2,2,100,league,16.0,17.18542338712388,3.388297644947867
best 2,2,100,league,16.0,15.493366243602397,1.0461922656534781
best 2,2,100,league,16.0,14.398603945486903,2.017101721750067
best 2,2,100,league,16.0,14.377616764221052,6.280506602792737
best 2,2,100,league,16.0,13.131758079569103,1.961127973939524
best 2,2,100,league,16.0,15.286943526975895,2.5540288336291748
best 2,2,100,league,16.0,16.99813339776108,1.164908269498856
best 2,2,100,league,16.0,16.065028906379208,1.9528432293214046
best 2,2,100,league,16.0,15.77360384645914,9.037344732572613
best 2,2,100,league,16.0,14.708251352076203,7.297197871650008
best 2,2,100,league,16.0,15.596099845399161,2.898531620963749
best 2,2,100,league,16.0,16.65189968086549,3.4316900666902237
best 2,2,100,league,16.0,15.147550315816694,2.4453292216381963
best 2,2,100,league,16.0,14.577447006192111,2.2335785995867306
best 2,2,100,league,16.0,14.851573156550645,2.012106703716527
best 2,2,100,league,16.0,16.005315761519263,4.878765490504337
best 2,2,100,league,16.0,17.865425771483967,4.397962144412712
best 2,2,100,league,16.0,16.16255208005966,2.2719283292674692
best 2,2,100,league,16.0,16.01263723266821,6.020031861833561
best 2,2,100,league,16.0,17.001809184870698,2.932817661087348
best 2,2,100,league,16.0,15.924191638052063,2.3681426019666647
best 2,2,100,league,16.0,15.437678420811839,0.7398629483154228
best 2,2,100,league,16.0,15.917538254275303,2.3724889515592387
best 2,2,100,league,16.0,15.539755350484011,4.8888818973905845
best 2,2,100,league,16.0,15.295910594662159,7.037484393285521
best 2,2,100,league,16.0,16.54980334731798,1.2877714610783417
best 2,2,100,league,16.0,18.212909101320395,3.0294148819209745
best 2,2,100,league,16.0,14.323684164554455,3.062724536358457
best 2,2,100,league,16.0,15.474075986999672,3.8445379433691103
best 2,2,100,league,16.0,15.984126183056178,2.2760296999501994
best 2,2,100,league,16.0,14.875731404690706,4.800091868843484
best 2,2,100,league,16.0,16.36766033159134,3.5615253604157036
best 2,2,100,league,16.0,13.168177524863154,4.264987031894262
best 2,2,100,league,16.0,16.409314703991637,3.96344403402223
best 2,2,100,league,16.0,14.78030756809359,1.1864030005198727
best 2,2,100,league,16.0,14.837501419796515,4.259534509201065
best 2,2,100,league,16.0,16.849746779851436,4.981194547687626
best 2,2,100,league,16.0,14.913039398061693,2.2834061885617905
best 2,2,100,league,16.0,14.974232242283867,2.441962103335767
best 2,2,100,league,16.0,14.849546008349954,2.3689553016943545
best 2,2,100,league,16.0,17.00725634981739,1.055083953233489
best 2,2,100,league,16.0,14.993910363023577,5.023785513946876
best 2,2,100,league,16.0,17.33750536869278,1.8489961206608334
best 2,2,100,league,16.0,16.199942698394885,0.7650541258458122
best 2,2,100,league,16.0,15.962597985381189,3.5975606695086575
best 2,2,100,league,16.0,15.968526551724107,3.2030853575582334
best 2,2,100,league,16.0,15.989744535449232,2.535170183094363
best 2,2,100,league,16.0,16.42840780257841,1.647241560917058
best 2,2,100,league,16.0,15.66277586674779,3.586178169130093
best 2,2,100,league,16.0,15.982949734133072,2.3467684351310396
best 2,2,100,league,16.0,15.845131611739212,3.4440648237585347
best 2,2,100,league,16.0,15.807311843881228,3.0730338761420413
best 2,2,100,league,16.0,15.570147106938508,2.403433399886561
best 2,2,100,league,16.0,10.98666962497111,7.589174614465532
best 2,2,100,league,16.0,16.058777992621025,2.5570127979737265
best 2,2,100,league,16.0,16.35825462204033,0.7656714054219176
best 2,2,100,league,16.0,13.660008065576157,7.0927244386010795
best 2,2,100,league,16.0,11.512010596039968,12.483521243467088
best 2,2,100,league,16.0,15.542870560559468,2.8603467914610996
best 2,2,100,league,16.0,14.690995871634689,6.400060035714876
best 2,2,100,league,16.0,16.565795439163765,0.4439580353374552
best 2,2,100,league,16.0,14.894632638430517,3.713087403554081
best 2,2,100,league,16.0,14.746893455680574,2.3562980356869097
best 2,2,100,league,16.0,17.399866658968108,2.577646297191099
best 2,2,100,league,16.0,14.244738478445521,5.527565267833672
best 2,2,100,league,16.0,15.797219403731205,1.3961705390803083
best 2,2,100,league,16.0,15.604922448725356,3.0923564889012427
best 2,2,100,league,16.0,15.05879319454631,2.463521688483843
best 2,2,100,league,16.0,16.67668664962801,2.935206866594492
best 2,2,100,league,16.0,14.027293258477734,2.63160128238928
best 2,2,100,league,16.0,16.533818942815863,3.9040965205149294
best 2,2,100,league,16.0,15.97525360523733,2.7139275471020556
best 2,2,100,league,16.0,14.753564311324016,1.884631649431326
best 2,2,100,league,16.0,13.56009851848832,5.719848369739833
best 2,2,100,league,16.0,16.488472036963547,2.3630106246898515
best 2,2,100,league,16.0,15.554241880114404,1.552489321971007
best 2,2,100,league,16.0,16.686951144887352,2.9980750593806036
best 2,2,100,league,16.0,16.325980126690837,4.694949099422994
best 2,2,100,league,16.0,19.135895031473535,1.1111144209246648
best 2,2,100,league,16.0,14.274567890875492,4.439297670349029
best 2,2,100,league,16.0,15.319605454350993,2.777994447758267
best 2,2,100,league,16.0,16.713741112349066,1.951999485875005
best 2,2,100,league,16.0,17.097352813429882,5.323718302919329
best 2,2,100,league,16.0,17.643525779312967,6.285940979951907
best 2,2,100,league,16.0,15.092633493976212,0.21234819766893165
best 2,2,100,league,16.0,16.156010711559354,3.8753116004321138
best 2,2,100,league,16.0,16.10943397913557,4.036497475080316
best 2,2,100,league,16.0,14.975230777543759,5.306918996104937
best 2,2,100,league,16.0,15.051386288851445,6.936491403230074
best 2,2,100,league,16.0,17.073285946832534,2.715029487683754
best 2,2,100,league,16.0,14.734768690795702,2.6048583535730208
best 2,2,100,league,16.0,15.788318935289647,3.45534074589792
best 2,2,100,league,16.0,14.845101751952228,5.82951823579237
best 2,2,100,league,16.0,18.57648804825653,4.778900817595132
best 2,2,100,league,16.0,16.748439656806866,3.719680561718068
best 2,2,100,league,16.0,14.64376903775297,4.043142638025861
best 2,2,100,league,16.0,17.719696848061343,1.9707908110016286
best 2,2,100,league,16.0,17.751369727487464,1.7425850371653453
best 2,2,100,league,16.0,16.780702356285207,1.4715246072347932
best 2,2,100,league,16.0,15.500730514098475,2.367639595537086
best 2,2,100,league,16.0,17.356001491682473,6.413492345331476
best 2,2,100,league,16.0,14.628432508364268,2.046921759595603
best 2,2,100,league,16.0,15.681215350439556,1.7819863078110458
best 2,2,100,league,16.0,14.483567916117511,4.951230221308981
best 2,2,100,league,16.0,16.42954563391838,3.5724755714869265
best 2,2,100,league,16.0,15.165141995219745,2.2188153257917897
best 2,2,100,league,16.0,17.83815940916099,3.2624787623483957
best 2,2,100,league,16.0,15.979505355618292,2.230213493623493
best 2,2,100,league,16.0,17.179362665229434,0.5765449576130128
best 2,2,100,league,16.0,15.518086759846375,2.3602104256632463
best 2,2,100,league,16.0,16.307160793335328,0.7120267638858822
best 2,2,100,league,16.0,13.406742316320006,4.839874422827719
best 2,2,100,league,16.0,17.49843419625944,2.088644414402939
best 2,2,100,league,16.0,15.629639973347201,1.0753085670071438
best 2,2,100,league,16.0,16.50245421094189,3.5078102228237977
best 2,2,100,league,16.0,14.285223998267355,5.181087288857465
best 2,2,100,league,16.0,15.78595589179562,3.507277360802379
best 2,2,100,league,16.0,15.799803463801819,1.0665568594431478
best 2,2,100,league,16.0,14.635184337587816,0.9283760028047371
best 2,2,100,league,16.0,16.587931533115462,2.4174364458390016
best 2,2,100,league,16.0,15.149492853439261,4.644331343058736
best 2,2,100,league,16.0,14.626528343954293,4.8594966663009105
best 2,2,100,league,16.0,15.221246873782187,3.8405840921285868
best 2,2,100,league,16.0,15.294779521932211,6.615064888624542
best 2,2,100,league,16.0,15.097641808575299,2.792365479798171
best 2,2,100,league,16.0,18.276434345084304,1.1466173851656785
best 2,2,100,league,16.0,15.649632602055464,1.110344246949432
best 2,2,100,league,16.0,17.119864061883014,4.781127806115621
best 2,2,100,league,16.0,17.53623914833871,2.477741773863384
best 2,2,100,league,16.0,13.755301551019704,3.516124427985046
best 2,2,100,league,16.0,17.691395955147666,2.3065945715153457
best 2,2,100,league,16.0,15.388773718023373,1.3527921808118004
best 2,2,100,league,16.0,14.314447879738697,3.561806158875682
best 2,2,100,league,16.0,17.337419730201283,3.572586945403679
best 2,2,100,league,16.0,15.633966169655798,1.7770701075545674
best 2,2,100,league,16.0,15.903117565861407,1.6931540832312961
best 2,2,100,league,16.0,15.905456474919653,2.4290612255498907
best 2,2,100,league,16.0,14.738796502487444,5.011227672540781
best 2,2,100,league,16.0,14.1242222675937,1.45027792603524
best 2,2,100,league,16.0,13.591011213687612,3.0910893836912168
best 2,2,100,league,16.0,14.263056530643755,2.098420073455105
best 2,2,100,league,16.0,14.858317220883338,0.5932844297912695
best 2,2,100,league,16.0,14.401415472988777,3.2928537021665067
best 2,2,100,league,16.0,16.239029441975475,4.680533462362447
best 2,2,100,league,16.0,14.9886424411817,3.3136994397717574
best 2,2,100,league,16.0,14.73428217540421,4.84980521816295
best 2,2,100,league,16.0,14.770586121964897,0.8860566651181166
best 2,2,100,league,16.0,12.801702393335292,1.1704057112608057
best 2,2,100,league,16.0,15.204167587053199,3.8840334242344823
best 2,2,100,league,16.0,17.100228430600836,1.4342845130386135
best 2,2,100,league,16.0,17.691155772304654,1.9167798265246285
best 2,2,100,league,16.0,15.574870007741305,1.1453059529527574
best 2,2,100,league,16.0,15.247215274382523,3.9177455968703825
best 2,2,100,league,16.0,15.869753672890786,3.7696268045083605
best 2,2,100,league,16.0,15.986437385195423,3.8696006567163637
best 2,2,100,league,16.0,16.463212504762065,3.8534848419202885
best 2,2,100,league,16.0,16.4568184254167,3.1835866793381538
best 2,2,100,league,16.0,15.513027253377013,3.419506872387865
best 2,2,100,league,16.0,17.811118747893662,4.888901678034639
best 2,2,100,league,16.0,16.756515969238798,3.7077819965840484
best 2,2,100,league,16.0,15.919202683305071,1.3524254852922308
best 2,2,100,league,16.0,16.599070261641838,1.8054890238340047
best 2,2,100,league,16.0,14.62697962977523,3.6659251788853737
best 3,3,100,league,16.0,16.218793763874153,1.0210902781910873
best 3,3,100,league,16.0,15.263223546480711,4.359057380412809
best 3,3,100,league,16.0,14.981429713012153,4.74998490781935
best 3,3,100,league,16.0,16.698747796218846,5.6937992085634646
best 3,3,100,league,16.0,16.531564239887143,2.2176363466015454
best 3,3,100,league,16.0,16.50141021730528,1.9342647964812871
best 3,3,100,league,16.0,17.189083390308156,1.2434778309555363
best 3,3,100,league,16.0,15.960766960864527,1.3065145543807575
best 3,3,100,league,16.0,13.807410527011768,3.1376795304826994
best 3,3,100,league,16.0,17.145794788481286,1.0685010340549654
best 3,3,100,league,16.0,14.118705080088299,4.785370525018471
best 3,3,100,league,16.0,13.898884412389197,6.1580517496577585
best 3,3,100,league,16.0,16.46087631727613,5.309603966923249
best 3,3,100,league,16.0,14.798734824726907,5.286555940499968
best 3,3,100,league,16.0,16.508593638646996,1.053409883205189
best 3,3,100,league,16.0,14.75421367264133,2.5118823821239817
best 3,3,100,league,16.0,15.24756516521807,2.5378647145763202
best 3,3,100,league,16.0,14.830546519649841,2.5219024889980477
best 3,3,100,league,16.0,14.289120697112484,4.3686938376673
best 3,3,100,league,16.0,16.837534915178598,1.0329392221547709
best 3,3,100,league,16.0,14.584333766220633,4.457670925395765
best 3,3,100,league,16.0,14.288906799646929,3.0389084706512084
best 3,3,100,league,16.0,15.139844141586366,2.10191150934164
best 3,3,100,league,16.0,16.001013074979515,3.1453743319956176
best 3,3,100,league,16.0,15.412605435641433,2.871877447593609
best 3,3,100,league,16.0,18.148399962057116,2.9696249110257447
best 3,3,100,league,16.0,17.026666455103438,1.5224908874046588
best 3,3,100,league,16.0,16.001231816443873,1.8713555763744227
best 3,3,100,league,16.0,13.616117502182053,3.819774627106444
best 3,3,100,league,16.0,17.01188151519872,1.1928734413569826
best 3,3,100,league,16.0,16.83301221304997,4.215329089559188
best 3,3,100,league,16.0,16.76307441459621,5.604632801353897
best 3,3,100,league,16.0,17.420815680617384,7.769071056190381
best 3,3,100,league,16.0,14.852652068905188,3.090434736153456
best 3,3,100,league,16.0,14.964733701593296,1.7411710068127282
best 3,3,100,league,16.0,16.006182050480966,3.7724594665741744
best 3,3,100,league,16.0,14.525200548658981,5.416354754654027
best 3,3,100,league,16.0,15.977619594632296,3.2774034912820422
best 3,3,100,league,16.0,14.233763209624883,2.033175394061776
best 3,3,100,league,16.0,14.55745114779068,3.560871167121394
best 3,3,100,league,16.0,14.985820540518114,4.364669777855919
best 3,3,100,league,16.0,13.203577725240246,6.692686334138584
best 3,3,100,league,16.0,14.865159898405446,4.250492633769191
best 3,3,100,league,16.0,16.6156271357713,1.3314848464849125
best 3,3,100,league,16.0,15.588359008815237,4.170151801979219
best 3,3,100,league,16.0,16.844113857722643,3.130963402960131
best 3,3,100,league,16.0,14.31701743262047,1.2073155029453182
best 3,3,100,league,16.0,14.719147933554638,0.8722631820637329
best 3,3,100,league,16.0,15.230991311162223,1.251283717173117
best 3,3,100,league,16.0,15.007027168882917,4.817590698953876
best 3,3,100,league,16.0,16.77093622556041,2.197987961274044
best 3,3,100,league,16.0,15.967037403917853,2.784439699517405
best 3,3,100,league,16.0,14.876406296054244,5.077701180170889
best 3,3,100,league,16.0,16.827387711401617,2.6383602302984555
best 3,3,100,league,16.0,15.918343674723367,3.89408903841896
best 3,3,100,league,16.0,15.795714283461386,3.4340940562256503
best 3,3,100,league,16.0,14.425324367160927,0.272826710077767
best 3,3,100,league,16.0,16.072459746019423,7.583988524346753
best 3,3,100,league,16.0,16.326936501258707,5.35702463848455
best 3,3,100,league,16.0,16.19808171862592,3.364305667691998
best 3,3,100,league,16.0,14.872109352211849,5.769871925263891
best 3,3,100,league,16.0,14.903991945372699,3.6462809763634754
best 3,3,100,league,16.0,14.713992147963777,5.174059146737414
best 3,3,100,league,16.0,16.0078082976543,5.534210467637773
best 3,3,100,league,16.0,16.45285957432594,0.9332203166461557
best 3,3,100,league,16.0,14.009503575681142,0.2783211563245112
best 3,3,100,league,16.0,16.581904082564076,1.4350144294462783
best 3,3,100,league,16.0,16.018816366810505,2.9513225037394917
best 3,3,100,league,16.0,16.10845465348982,3.291203136113948
best 3,3,100,league,16.0,16.817798075113224,1.97143610733663
best 3,3,100,league,16.0,17.10026589980513,4.091924593740481
best 3,3,100,league,16.0,15.840980676274553,5.911354171944441
best 3,3,100,league,16.0,16.448492381993052,4.374706189122857
best 3,3,100,league,16.0,13.13078741522991,4.29520273151039
best 3,3,100,league,16.0,16.562232427477102,1.8364815841309121
best 3,3,100,league,16.0,15.990084934026767,2.794111852714091
best 3,3,100,league,16.0,14.144966779873142,1.6673875455119076
best 3,3,100,league,16.0,14.750588482939134,1.1757032264483107
best 3,3,100,league,16.0,14.33469924023067,1.0859550125427169
best 3,3,100,league,16.0,17.819086174504346,2.740018751535337
best 3,3,100,league,16.0,14.038756817391214,3.296144955383678
best 3,3,100,league,16.0,17.979511735273174,1.1881821427806998
best 3,3,100,league,16.0,15.190257802015315,4.2516981693175175
best 3,3,100,league,16.0,15.841654159899086,1.2748820337781201
best 3,3,100,league,16.0,16.803429692060075,2.5492831737419204
best 3,3,100,league,16.0,16.520365628805017,3.812796319810997
best 3,3,100,league,16.0,14.581074832750339,3.5354796807269007
best 3,3,100,league,16.0,15.025689994714947,2.308155439087556
best 3,3,100,league,16.0,17.512389779114084,4.716771658734543
best 3,3,100,league,16.0,18.761732371893338,5.027057995471297
best 3,3,100,league,16.0,16.079253236137234,5.882957527036725
best 3,3,100,league,16.0,16.85388333091493,2.903803619457967
best 3,3,100,league,16.0,18.836409840982235,1.9138309503042874
best 3,3,100,league,16.0,17.755205968800507,5.579568455685949
best 3,3,100,league,16.0,17.159043941432305,0.850831120655508
best 3,3,100,league,16.0,16.270410904112033,4.243149911810942
best 3,3,100,league,16.0,13.58387140709469,5.639150729260202
best 3,3,100,league,16.0,16.276640599384887,1.1996806770789858
best 3,3,100,league,16.0,16.318768415611736,2.9510595680928273
best 3,3,100,league,16.0,16.282129459536087,1.6739153758543193
best 3,3,100,league,16.0,16.745196783332048,2.6803815313624053
best 3,3,100,league,16.0,15.133943179519017,4.696515736784954
best 3,3,100,league,16.0,15.413794162747662,2.2299037593147886
best 3,3,100,league,16.0,14.76937025401704,5.7618763750213
best 3,3,100,league,16.0,17.076454651050565,0.767626417932819
best 3,3,100,league,16.0,16.815740347197245,1.4408082412461136
best 3,3,100,league,16.0,17.30176767654663,3.890399600133737
best 3,3,100,league,16.0,15.885858194894315,4.433119950908683
best 3,3,100,league,16.0,15.204897942055663,2.030883289761767
best 3,3,100,league,16.0,16.411242626978627,6.041755236504973
best 3,3,100,league,16.0,14.522078276921446,2.401001059766481
best 3,3,100,league,16.0,16.798962919036295,3.927738766427747
best 3,3,100,league,16.0,15.040901268125548,3.87353690246035
best 3,3,100,league,16.0,16.12358390993709,5.6725705636725126
best 3,3,100,league,16.0,16.72849821345535,3.7309770757549634
best 3,3,100,league,16.0,15.504122253575831,2.9371465335627214
best 3,3,100,league,16.0,17.710315840424883,2.8989777160656174
best 3,3,100,league,16.0,15.218528107686918,1.849970476357013
best 3,3,100,league,16.0,15.692404464566815,3.481544235290101
best 3,3,100,league,16.0,13.526834150200177,4.435008888619666
best 3,3,100,league,16.0,13.901141122138219,3.274493503903772
best 3,3,100,league,16.0,15.031219021083079,4.1902810558952
best 3,3,100,league,16.0,16.732619193353386,2.8777448363397578
best 3,3,100,league,16.0,16.919225638922885,2.581457051079927
best 3,3,100,league,16.0,15.910924166870322,6.796982644303334
best 3,3,100,league,16.0,14.820686322210529,2.8923686482736835
best 3,3,100,league,16.0,15.415178498504762,1.6363401082967204
best 3,3,100,league,16.0,15.560199902974347,10.13620788882167
best 3,3,100,league,16.0,15.351454827201227,3.4808107279390117
best 3,3,100,league,16.0,13.948766604981126,2.525760033280009
best 3,3,100,league,16.0,13.848829557073884,6.608413003598563
best 3,3,100,league,16.0,16.725183438381073,4.160034995565688
best 3,3,100,league,16.0,17.511878467482667,1.9604168307061445
best 3,3,100,league,16.0,15.452608447798045,5.9032106289582265
best 3,3,100,league,16.0,14.351637510072907,3.367895233951114
best 3,3,100,league,16.0,15.949384837562402,3.6414741120357914
best 3,3,100,league,16.0,17.312023039322813,3.433348553857907
best 3,3,100,league,16.0,15.833368091235087,4.018657524238114
best 3,3,100,league,16.0,15.132279293814646,0.6990522940297854
best 3,3,100,league,16.0,15.591104057786543,1.840448469748522
best 3,3,100,league,16.0,16.797618688965002,2.637776025038215
best 3,3,100,league,16.0,13.950134691649975,1.6431232732824517
best 3,3,100,league,16.0,15.644520818670067,1.0374097664139077
best 3,3,100,league,16.0,16.72601887737823,1.7097908953607808
best 3,3,100,league,16.0,15.149608071167684,5.136809290907475
best 3,3,100,league,16.0,16.621547039228265,3.2971342031141098
best 3,3,100,league,16.0,17.18271285823039,1.881302213401169
best 3,3,100,league,16.0,15.731607325108632,4.524129379259697
best 3,3,100,league,16.0,17.67504308313933,2.0102012830644638
best 3,3,100,league,16.0,16.778839629828695,2.007386704578318
best 3,3,100,league,16.0,15.554642483026383,4.076259769371454
best 3,3,100,league,16.0,16.530995255636906,2.3550116672260626
best 3,3,100,league,16.0,15.227694139237569,3.7195008087795287
best 3,3,100,league,16.0,15.859973640970274,6.708131385868265
best 3,3,100,league,16.0,14.47031978575997,3.3109552040475365
best 3,3,100,league,16.0,16.818033005742297,3.8731353747373816
best 3,3,100,league,16.0,15.5578370534932,5.100395360778222
best 3,3,100,league,16.0,16.530056745298605,4.954042393864915
best 3,3,100,league,16.0,14.212535769966804,3.7339467033314655
best 3,3,100,league,16.0,16.58196681998124,1.4213584568307003
best 3,3,100,league,16.0,14.579707819973978,3.92102883887922
best 3,3,100,league,16.0,14.568565195583005,2.7576320690992073
best 3,3,100,league,16.0,16.391475146260273,3.4873381406322426
best 3,3,100,league,16.0,18.13052073620732,3.392691074372499
best 3,3,100,league,16.0,16.143263740343492,1.0210909204150957
best 3,3,100,league,16.0,16.105635543282194,0.6798410867163938
best 3,3,100,league,16.0,16.34891857388881,1.2779801783767244
best 3,3,100,league,16.0,16.162735541169965,2.8273132484613095
best 3,3,100,league,16.0,16.87701610227701,3.430972956312862
best 3,3,100,league,16.0,16.63831986257861,2.2324818021618484
best 3,3,100,league,16.0,16.564747932729528,1.8008778528472367
best 3,3,100,league,16.0,16.178447398183156,2.1823448227759625
best 3,3,100,league,16.0,15.232625757168872,4.83132024330897
best 3,3,100,league,16.0,16.98729740923581,2.6297068258470198
best 3,3,100,league,16.0,14.851398911385969,4.071484976720703
best 3,3,100,league,16.0,14.464417033655497,0.5643991921040742
best 3,3,100,league,16.0,15.63161486985446,0.8652734000107442
best 3,3,100,league,16.0,15.025265696837776,5.38805322637474
best 3,3,100,league,16.0,17.605645236747446,5.4184950878957565
best 3,3,100,league,16.0,17.49507976000422,3.785634480439481
best 3,3,100,league,16.0,13.923418527169213,3.7312189353078096
best 3,3,100,league,16.0,16.109214559410983,1.1624728006948772
best 3,3,100,league,16.0,17.140675522469962,2.9448933683065537
best 3,3,100,league,16.0,15.201940642879379,2.4808245224717367
best 3,3,100,league,16.0,14.54882548661193,2.8596941679266346
best 3,3,100,league,16.0,15.627578963241378,1.3814642791234804
best 3,3,100,league,16.0,17.499371234763196,4.091501752834012
best 3,3,100,league,16.0,16.74007877493022,3.244771142418129
best 3,3,100,league,16.0,16.552885880828512,2.3207818104676226
best 3,3,100,league,16.0,14.986063568309817,3.079634072864344
best 3,3,100,league,16.0,13.921674753104005,5.922179392608415
best 3,3,100,league,16.0,17.030206055432696,0.855632732052306
best 3,3,100,league,16.0,15.630101817347096,1.4067573564785634
best 3,3,100,league,16.0,13.584435719043212,0.8968078457022891
best 3,3,100,league,16.0,13.720861461107532,0.9596942282843952
best 3,3,100,league,16.0,16.525068697104714,2.278079654633106
best 3,3,100,league,16.0,15.850993052207086,3.9904594854567548
best 3,3,100,league,16.0,15.489816112074417,1.984549872691621
best 3,3,100,league,16.0,17.302279721440364,3.0447306905923397
best 3,3,100,league,16.0,16.542461106162534,1.5834236141877582
best 3,3,100,league,16.0,17.149026898602163,2.723452744294995
best 3,3,100,league,16.0,14.782932349263668,0.8889847806740331
best 3,3,100,league,16.0,16.727621491385992,1.4180030892710305
best 3,3,100,league,16.0,14.953702393712318,5.818226957530291
best 3,3,100,league,16.0,15.78119892081331,1.921575546082937
best 3,3,100,league,16.0,17.32209131575484,3.8369962714309955
best 3,3,100,league,16.0,14.76874955118364,1.8390945435500978
best 3,3,100,league,16.0,14.546094982610702,0.8716143972818299
best 3,3,100,league,16.0,16.295834679301542,0.10209345758231887
best 3,3,100,league,16.0,15.486031138491034,2.435010055521446
best 3,3,100,league,16.0,13.742075556813543,1.139140971626497
best 3,3,100,league,16.0,13.887168534047422,5.620112621056934
best 3,3,100,league,16.0,14.838531734276872,3.3462368719723674
best 3,3,100,league,16.0,16.66646056139123,5.487108368233424
best 3,3,100,league,16.0,15.192115142357215,2.137590352616199
best 3,3,100,league,16.0,19.130343370724677,1.539110892121635
best 3,3,100,league,16.0,16.054956634730758,2.6261100920916722
best 3,3,100,league,16.0,14.107764360208309,0.8658146762803279
best 3,3,100,league,16.0,17.220507096929847,1.184658099246767
best 3,3,100,league,16.0,17.369524686009882,1.8735302627493635
best 3,3,100,league,16.0,14.906105549639046,3.1488850817598224
best 3,3,100,league,16.0,14.359176205721816,4.530171455404119
best 3,3,100,league,16.0,16.771762394939913,2.49825612735044
best 3,3,100,league,16.0,14.674554711339638,2.3080999819123362
best 3,3,100,league,16.0,15.610558667427483,1.317721239393809
best 3,3,100,league,16.0,16.184708654638857,0.797154948060354
best 3,3,100,league,16.0,15.680071394606951,3.273112243080679
best 3,3,100,league,16.0,14.08327688610762,0.7176711357224566
best 3,3,100,league,16.0,15.22892338010156,2.7198418050529187
best 3,3,100,league,16.0,15.345238048435743,3.104947303345398
best 3,3,100,league,16.0,17.110695017862344,1.0674865011610755
best 3,3,100,league,16.0,16.012829890925136,3.551999380550152
best 3,3,100,league,16.0,14.800030239859268,3.9994740577434658
best 3,3,100,league,16.0,18.736912939816097,1.7530737488224173
best 3,3,100,league,16.0,15.801356102401629,6.083135649474698
best 3,3,100,league,16.0,16.3504544628505,2.414336347096148
best 3,3,100,league,16.0,15.448975761593472,1.1936867166635272
best 3,3,100,league,16.0,16.899950756862506,4.223900530572167
best 3,3,100,league,16.0,16.178053011991658,3.6016319692089085
best 3,3,100,league,16.0,18.457837545118394,1.5116006775162503
best 3,3,100,league,16.0,14.646804905087354,0.8706758977386377
best 3,3,100,league,16.0,17.006592147397065,3.3641063300131617
best 3,3,100,league,16.0,14.779149311150354,3.9651553969528175
best 3,3,100,league,16.0,15.960511921809195,2.1737172175806276
best 3,3,100,league,16.0,15.016997241432382,3.785549716611073
best 3,3,100,league,16.0,15.718164633617544,2.1521972542499275
best 3,3,100,league,16.0,15.410297027754563,4.024684661915668
best 3,3,100,league,16.0,14.75413072506522,5.335112587129518
best 3,3,100,league,16.0,15.255906139761494,3.2211481652399763
best 3,3,100,league,16.0,13.654486816037547,8.048527029715222
best 3,3,100,league,16.0,16.34570815416667,2.861257025186313
best 3,3,100,league,16.0,17.019786397895672,2.0572812952577855
best 3,3,100,league,16.0,14.02091099062956,0.5511166605603325
best 3,3,100,league,16.0,15.85455085737902,4.774510604032019
best 3,3,100,league,16.0,15.514125902805247,2.2547132946963666
best 3,3,100,league,16.0,15.53970584742113,5.172089433626856
best 3,3,100,league,16.0,17.628611211213,4.651961880569819
best 3,3,100,league,16.0,16.46633736465794,5.2755279029340745
best 3,3,100,league,16.0,14.283016026526237,4.74625491430911
best 3,3,100,league,16.0,16.074547546178138,3.621111307334166
best 3,3,100,league,16.0,17.259017778342084,3.268684705024672
best 3,3,100,league,16.0,14.561077809390898,4.590105809411932
best 3,3,100,league,16.0,17.794136271398887,1.5080678128102272
best 3,3,100,league,16.0,14.811823351950991,4.039272580010637
best 3,3,100,league,16.0,16.954421135858727,0.9929890018370423
best 3,3,100,league,16.0,15.74193271234417,6.489111262953231
best 3,3,100,league,16.0,12.959806109639306,6.4783642032505515
best 3,3,100,league,16.0,16.994382277291436,7.558622411076634
best 3,3,100,league,16.0,14.573270527668567,2.073779756677638
best 3,3,100,league,16.0,15.94651235236819,6.107730235275842
best 3,3,100,league,16.0,16.50029904878331,2.958898896089911
best 3,3,100,league,16.0,16.42105711825594,6.481700048684775
best 3,3,100,league,16.0,13.959323690483947,1.8730994282757578
best 3,3,100,league,16.0,13.72729414757218,7.030379301002641
best 3,3,100,league,16.0,15.467084429814868,5.524727401009957
best 3,3,100,league,16.0,15.498550022880432,1.6928049749606393
best 3,3,100,league,16.0,15.525137771546683,2.898000145714944
best 3,3,100,league,16.0,14.613235273249723,2.7883051650812183
best 3,3,100,league,16.0,14.847136272397487,0.8672798054644288
best 3,3,100,league,16.0,15.684476026611742,5.2156575265110385
best 3,3,100,league,16.0,16.418764921565522,3.025770501962479
best 3,3,100,league,16.0,14.892804834946421,4.242190238331149
best 3,3,100,league,16.0,15.631321521548891,4.947614340904423
best 3,3,100,league,16.0,14.996419358070316,3.2784117529591232
best 3,3,100,league,16.0,12.825011802330346,5.358287234469451
best 3,3,100,league,16.0,15.91661745428642,0.8898329760989921
best 3,3,100,league,16.0,16.10250186230575,0.46168902954930024
best 3,3,100,league,16.0,15.92772320562161,1.9052115265296108
best 3,3,100,league,16.0,15.489194226481787,2.900592622569089
best 3,3,100,league,16.0,15.122372612698014,4.484228652423659
best 3,3,100,league,16.0,15.96814112862048,4.064197367786134
best 3,3,100,league,16.0,15.33279890523755,2.2519799671233645
best 3,3,100,league,16.0,16.395589273155974,3.626133550840988
best 3,3,100,league,16.0,16.807251805002025,4.4096721264096805
best 3,3,100,league,16.0,16.550898763658235,3.6164770436764724
best 3,3,100,league,16.0,16.683482306371737,4.489237031619738
best 3,3,100,league,16.0,17.19334810017632,6.686418566547854
best 3,3,100,league,16.0,16.509057449558146,3.9107207312083547
best 3,3,100,league,16.0,14.87126420982187,1.123293588571555
best 3,3,100,league,16.0,16.718497919922797,2.8879849216395224
